update_step,env_step,returned_episode_returns,return_red,return_green,eat_own_coins,loss
1,256000,-0.00020703126210719347,0.04400000348687172,-0.058000002056360245,24.48046875,0.0
2,512000,-0.2069101631641388,44.0160026550293,-58.02000427246094,25.35546875,0.0
3,768000,-0.0862421914935112,59.9900016784668,-77.9800033569336,24.50390625,0.0
4,1024000,-0.3895781338214874,49.98600387573242,-57.980003356933594,21.3359375,0.0
5,1280000,0.6557968854904175,36.00200271606445,-38.00400161743164,22.58203125,0.0
6,1536000,0.20241406559944153,38.0,-41.9900016784668,19.92578125,0.0
7,1792000,-0.5063672065734863,38.0160026550293,-32.02000045776367,22.94921875,0.0
8,2048000,0.9365977048873901,53.9900016784668,-52.012001037597656,21.953125,0.0
9,2304000,0.03708203136920929,43.992000579833984,-63.96200180053711,21.8671875,0.0
10,2560000,1.959589958190918,35.99800109863281,-26.012001037597656,20.9140625,0.0
11,2816000,0.6143085956573486,34.00600051879883,-37.98400115966797,23.91796875,0.0
12,3072000,1.6400742530822754,40.0,-22.00800132751465,22.1640625,0.0
13,3328000,1.0896680355072021,40.00800323486328,-30.024002075195312,21.359375,0.0
14,3584000,0.9129804968833923,47.996002197265625,-53.98600387573242,21.7578125,0.0
15,3840000,-0.16679687798023224,43.996002197265625,-39.974002838134766,21.24609375,0.0
16,4096000,1.0037500858306885,39.992000579833984,-14.006000518798828,23.05078125,0.0
17,4352000,0.8485351800918579,31.990001678466797,-19.98400115966797,23.16796875,0.0
18,4608000,1.7262579202651978,21.998001098632812,-3.994000196456909,22.984375,0.0
19,4864000,1.4210625886917114,20.022001266479492,1.936000108718872,23.03515625,0.0
20,5120000,0.610910177230835,41.992000579833984,-61.970001220703125,22.4453125,0.0
21,5376000,2.1415703296661377,33.98800277709961,-31.970001220703125,22.328125,0.0
22,5632000,-0.8128046989440918,22.02400016784668,-2.0240001678466797,23.296875,0.0
23,5888000,2.7831993103027344,45.9900016784668,-26.016000747680664,23.5859375,0.0
24,6144000,0.8280507922172546,36.013999938964844,-42.00200271606445,22.1015625,0.0
25,6400000,0.7547539472579956,49.98600387573242,-43.97600173950195,24.73828125,0.0
26,6656000,1.5995352268218994,35.992000579833984,-19.98200035095215,22.23828125,0.0
27,6912000,-0.42408984899520874,28.02800178527832,-2.068000078201294,22.82421875,0.0
28,7168000,1.264457106590271,55.98200225830078,-69.96400451660156,22.40234375,0.0
29,7424000,0.0982343778014183,38.00400161743164,-34.02000045776367,24.31640625,0.0
30,7680000,0.6760039329528809,41.99800109863281,-53.9900016784668,21.11328125,0.0
31,7936000,0.8994765877723694,40.00400161743164,-44.000003814697266,25.55859375,0.0
32,8192000,1.936023473739624,43.98600387573242,-43.974002838134766,24.91015625,0.0
33,8448000,0.4621250331401825,30.000001907348633,-17.988000869750977,25.73828125,0.0
34,8704000,1.6482617855072021,30.012001037597656,-6.048000335693359,23.47265625,0.0
35,8960000,1.4742149114608765,41.99800109863281,-53.97600173950195,25.5,0.0
36,9216000,3.0293829441070557,40.0160026550293,-30.040000915527344,23.67578125,0.0
37,9472000,1.1669336557388306,55.98400115966797,-69.9520034790039,25.3515625,0.0
38,9728000,4.03181266784668,40.0160026550293,-22.07400131225586,22.94921875,0.0
39,9984000,0.6933281421661377,55.98400115966797,-95.9260025024414,24.6484375,0.0
40,10240000,2.6120352745056152,39.99800109863281,-22.032001495361328,23.73046875,0.0
41,10496000,1.3692461252212524,37.9900016784668,-53.95000076293945,25.49609375,0.0
42,10752000,3.4228127002716064,27.990001678466797,-4.00600004196167,21.98046875,0.0
43,11008000,0.4598984718322754,18.013999938964844,-9.982000350952148,25.64453125,0.0
44,11264000,3.3214924335479736,32.00800323486328,7.974000453948975,23.66015625,0.0
45,11520000,0.5996601581573486,39.980003356933594,-17.952001571655273,24.87109375,0.0
46,11776000,2.60135555267334,20.00200080871582,29.942001342773438,24.30859375,0.0
47,12032000,2.395382881164551,22.022001266479492,-28.022001266479492,24.2734375,0.0
48,12288000,3.2438790798187256,44.01000213623047,-50.01400375366211,24.95703125,0.0
49,12544000,1.0331993103027344,53.974002838134766,-63.928001403808594,23.92578125,0.0
50,12800000,2.9802072048187256,28.006000518798828,7.960000514984131,24.859375,0.0
51,13056000,2.7193477153778076,34.02799987792969,-32.052001953125,26.6484375,0.0
52,13312000,3.314812660217285,61.996002197265625,-83.96200561523438,23.50390625,0.0
53,13568000,1.7243516445159912,57.96600341796875,-45.94200134277344,24.390625,0.0
54,13824000,3.4163360595703125,24.010000228881836,11.970000267028809,24.71875,0.0
55,14080000,1.7852344512939453,34.02000045776367,-18.076000213623047,24.8359375,0.0
56,14336000,1.8645859956741333,53.99200439453125,-93.98400115966797,27.05078125,0.0
57,14592000,3.167449474334717,45.97200393676758,-77.92400360107422,24.63671875,0.0
58,14848000,2.6482579708099365,18.036001205444336,-2.058000087738037,25.015625,0.0
59,15104000,2.468355655670166,53.96000289916992,-59.90800094604492,25.53515625,0.0
60,15360000,2.075089931488037,14.04800033569336,31.880001068115234,24.1640625,0.0
61,15616000,2.9459376335144043,61.9900016784668,-87.98400115966797,26.6328125,0.0
62,15872000,3.567488431930542,51.99400329589844,-72.00200653076172,23.56640625,0.0
63,16128000,0.7482383251190186,45.99800109863281,-73.95800018310547,26.36328125,0.0
64,16384000,2.890500068664551,43.98600387573242,-32.0,24.33203125,0.0
65,16640000,2.765824317932129,29.998001098632812,-31.928001403808594,26.3046875,0.0
66,16896000,2.964215040206909,28.022001266479492,39.88200378417969,23.5859375,0.0
67,17152000,2.3359181880950928,50.01400375366211,-77.98400115966797,26.3359375,0.0
68,17408000,2.3180508613586426,63.95600128173828,-61.952003479003906,24.54296875,0.0
69,17664000,3.9591524600982666,20.020000457763672,-14.008000373840332,26.56640625,0.0
70,17920000,2.1752188205718994,40.0,-22.006000518798828,22.83203125,0.0
71,18176000,1.6140313148498535,40.00200271606445,-28.006000518798828,26.7265625,0.0
72,18432000,2.3637423515319824,41.97200012207031,-33.952003479003906,23.91796875,0.0
73,18688000,2.8243906497955322,14.054000854492188,13.902000427246094,27.2109375,0.0
74,18944000,2.9964611530303955,67.96800231933594,-83.94800567626953,27.07421875,0.0
75,19200000,3.3647305965423584,36.022003173828125,-32.04199981689453,27.21484375,0.0
76,19456000,4.809762001037598,57.98400115966797,-73.98600006103516,24.0390625,0.0
77,19712000,2.075636863708496,42.00400161743164,-59.98800277709961,27.0,0.0
78,19968000,3.491140842437744,45.98200225830078,-47.980003356933594,24.86328125,0.0
79,20224000,2.4475977420806885,28.022001266479492,-28.0260009765625,27.66015625,0.0
80,20480000,4.726195335388184,50.00400161743164,-54.006004333496094,24.41796875,0.0
81,20736000,0.46119141578674316,53.95600128173828,-59.91800308227539,26.51953125,0.0
82,20992000,4.614269733428955,10.01400089263916,21.95800018310547,24.93359375,0.0
83,21248000,1.7020078897476196,24.024002075195312,-20.022001266479492,26.3359375,0.0
84,21504000,4.485691547393799,47.9640007019043,-41.91600036621094,24.41796875,0.0
85,21760000,1.899570345878601,12.02400016784668,41.948001861572266,25.9140625,0.0
86,22016000,3.03055477142334,36.022003173828125,-10.042000770568848,26.296875,0.0
87,22272000,2.3381993770599365,57.97200393676758,-51.96600341796875,28.06640625,0.0
88,22528000,4.594191551208496,29.98400115966797,-17.976001739501953,22.796875,0.0
89,22784000,1.1343984603881836,14.020000457763672,6.022000312805176,27.43359375,0.0
90,23040000,2.7162930965423584,34.01000213623047,27.91600227355957,24.83203125,0.0
91,23296000,0.26612111926078796,44.00800323486328,-55.98200225830078,27.609375,0.0
92,23552000,4.661699295043945,51.98600387573242,-38.013999938964844,27.125,0.0
93,23808000,2.3017070293426514,37.98400115966797,-51.910003662109375,29.08203125,0.0
94,24064000,3.226086139678955,22.00200080871582,37.96600341796875,25.95703125,0.0
95,24320000,2.750187635421753,24.016000747680664,3.9740002155303955,30.5703125,0.0
96,24576000,2.938093900680542,40.018001556396484,-22.032001495361328,27.5,0.0
97,24832000,3.5331838130950928,57.96800231933594,-53.95000076293945,29.43359375,0.0
98,25088000,5.460968971252441,26.0260009765625,-4.056000232696533,26.39453125,0.0
99,25344000,1.5933867692947388,52.000003814697266,-59.98600387573242,29.953125,0.0
100,25600000,5.1284260749816895,52.022003173828125,-46.066001892089844,26.44140625,0.0
101,25856000,0.7497695684432983,73.98600006103516,-111.94400787353516,30.11328125,0.0
102,26112000,4.422898769378662,59.996002197265625,-55.99800109863281,30.25390625,0.0
103,26368000,5.443332195281982,55.978004455566406,-53.98200225830078,29.796875,0.0
104,26624000,3.4641759395599365,34.0160026550293,-36.02799987792969,29.20703125,0.0
105,26880000,2.798222780227661,50.000003814697266,-63.958003997802734,31.65234375,0.0
106,27136000,4.144808769226074,50.01000213623047,-22.042001724243164,32.39453125,0.0
107,27392000,4.419652462005615,60.01400375366211,-64.03400421142578,32.21484375,0.0
108,27648000,2.198007822036743,73.94800567626953,-97.89600372314453,30.265625,0.0
109,27904000,0.9877578616142273,22.0260009765625,5.940000057220459,32.1640625,0.0
110,28160000,0.4677383005619049,47.99800109863281,-53.954002380371094,34.36328125,0.0
111,28416000,3.354949474334717,46.038002014160156,-8.096000671386719,32.44140625,0.0
112,28672000,-1.064918041229248,83.95000457763672,-103.90200805664062,33.42578125,0.0
113,28928000,0.4189414381980896,33.9900016784668,-6.006000518798828,32.48828125,0.0
114,29184000,-2.511113405227661,24.040000915527344,-12.04800033569336,32.9140625,0.0
115,29440000,-1.906941533088684,63.99400329589844,-60.0160026550293,33.453125,0.0
116,29696000,-2.6017539501190186,58.01000213623047,-75.97200012207031,31.5078125,0.0
117,29952000,-6.693301200866699,67.97200012207031,-48.012001037597656,32.73046875,0.0
118,30208000,-4.683680057525635,40.0420036315918,-59.99200439453125,32.9765625,0.0
119,30464000,-4.771465301513672,81.99000549316406,-52.0160026550293,32.1484375,0.0
120,30720000,-6.702230930328369,72.01600646972656,-68.06800079345703,33.0625,0.0
121,30976000,-5.808293342590332,87.96600341796875,-135.9340057373047,33.671875,0.0
122,31232000,-5.507648468017578,54.018001556396484,-70.01200103759766,33.8984375,0.0
123,31488000,-5.341347694396973,71.99000549316406,-81.97600555419922,35.1328125,0.0
124,31744000,-2.9427385330200195,61.99800109863281,-58.00200271606445,34.78125,0.0
125,32000000,-4.273921966552734,60.02000427246094,-60.02000427246094,34.1796875,0.0
126,32256000,-4.7562150955200195,79.98400115966797,-79.99600219726562,34.7890625,0.0
127,32512000,-3.1613986492156982,64.0040054321289,-76.02799987792969,34.38671875,0.0
128,32768000,-4.402707099914551,68.0300064086914,-104.02000427246094,34.3515625,0.0
129,33024000,-4.762988567352295,97.95600128173828,-123.92200469970703,35.828125,0.0
130,33280000,-2.129605531692505,54.04600143432617,-46.08400344848633,35.4609375,0.0
131,33536000,-2.8286681175231934,99.9800033569336,-129.9580078125,35.2578125,0.0
132,33792000,-3.36928129196167,79.99000549316406,-87.96600341796875,36.43359375,0.0
133,34048000,-1.5580430030822754,69.98800659179688,-54.03200149536133,37.1796875,0.0
134,34304000,-1.007773518562317,58.03400421142578,-86.0560073852539,37.046875,0.0
135,34560000,-0.9700117707252502,91.9780044555664,-141.94801330566406,35.6796875,0.0
136,34816000,-2.229679822921753,69.99600219726562,-89.99200439453125,36.65625,0.0
137,35072000,-1.4406954050064087,66.0320053100586,-82.06600189208984,37.38671875,0.0
138,35328000,-0.7289102077484131,97.9780044555664,-147.91200256347656,38.328125,0.0
139,35584000,0.828796923160553,76.01600646972656,-60.064002990722656,38.26953125,0.0
140,35840000,1.5006211996078491,91.97000122070312,-123.91800689697266,39.1484375,0.0
141,36096000,2.120140790939331,61.98400115966797,-41.98400115966797,38.2890625,0.0
142,36352000,1.168742299079895,46.0160026550293,-26.04800033569336,39.8046875,0.0
143,36608000,1.942761778831482,61.98600387573242,-73.94800567626953,39.515625,0.0
144,36864000,3.2956290245056152,48.00800323486328,-22.020000457763672,39.51171875,0.0
145,37120000,2.0514883995056152,55.99200439453125,-42.00200271606445,39.62890625,0.0
146,37376000,2.7594454288482666,47.98800277709961,-43.97800064086914,40.50390625,0.0
147,37632000,4.392316818237305,36.012001037597656,-21.988000869750977,40.7734375,0.0
148,37888000,6.083367347717285,48.00200271606445,-9.984000205993652,41.32421875,0.0
149,38144000,7.417426109313965,49.99400329589844,5.986000061035156,41.6015625,0.0
150,38400000,6.875312805175781,44.03200149536133,-8.02400016784668,41.51953125,0.0
151,38656000,7.186007976531982,75.97000122070312,-32.00600051879883,41.00390625,0.0
152,38912000,5.697574615478516,46.012001037597656,-37.992000579833984,42.3125,0.0
153,39168000,7.955476760864258,57.99200439453125,-30.020002365112305,41.72265625,0.0
154,39424000,6.40290641784668,49.99400329589844,-49.958003997802734,42.37109375,0.0
155,39680000,6.9644455909729,44.022003173828125,-8.058000564575195,41.65234375,0.0
156,39936000,6.566344261169434,65.96400451660156,-65.94200134277344,41.74609375,0.0
157,40192000,6.504504203796387,30.02800178527832,-8.028000831604004,42.296875,0.0
158,40448000,7.100761890411377,57.980003356933594,-35.93800354003906,41.31640625,0.0
159,40704000,6.3013715744018555,37.992000579833984,25.964000701904297,41.57421875,0.0
160,40960000,6.891926288604736,30.04400062561035,-10.094000816345215,42.29296875,0.0
161,41216000,8.191246032714844,73.95800018310547,-103.906005859375,42.88671875,0.0
162,41472000,8.029648780822754,32.01000213623047,-10.010000228881836,41.6640625,0.0
163,41728000,6.431289196014404,42.00400161743164,-20.022001266479492,42.3125,0.0
164,41984000,8.031253814697266,46.0160026550293,-42.000003814697266,42.64453125,0.0
165,42240000,8.034367561340332,61.99200439453125,-41.9900016784668,41.98046875,0.0
166,42496000,7.245918273925781,54.000003814697266,-32.02000045776367,41.6796875,0.0
167,42752000,7.0703911781311035,54.018001556396484,-51.98800277709961,42.328125,0.0
168,43008000,7.147515773773193,71.96400451660156,-39.97600173950195,41.71875,0.0
169,43264000,6.227453231811523,36.038002014160156,-16.07400131225586,42.5859375,0.0
170,43520000,7.11818790435791,73.96600341796875,-89.93400573730469,43.15234375,0.0
171,43776000,8.116156578063965,40.038002014160156,-24.040000915527344,42.64453125,0.0
172,44032000,7.086726665496826,77.99200439453125,-64.00800323486328,43.37109375,0.0
173,44288000,7.876457214355469,69.9800033569336,-71.94600677490234,43.84375,0.0
174,44544000,9.330653190612793,50.00400161743164,-18.04400062561035,42.95703125,0.0
175,44800000,7.953492641448975,53.978004455566406,-61.92200469970703,42.5546875,0.0
176,45056000,8.32089900970459,32.034000396728516,15.94800090789795,43.56640625,0.0
177,45312000,8.90778923034668,65.9780044555664,-35.98200225830078,44.3671875,0.0
178,45568000,10.445590019226074,43.99800109863281,-17.986000061035156,44.84375,0.0
179,45824000,10.722363471984863,42.038002014160156,-4.062000274658203,44.09375,0.0
180,46080000,10.428766250610352,79.96400451660156,-65.93400573730469,43.765625,0.0
181,46336000,9.507871627807617,44.03000259399414,-0.07600000500679016,44.34375,0.0
182,46592000,9.567339897155762,73.99400329589844,-75.97400665283203,44.0859375,0.0
183,46848000,10.498687744140625,67.99400329589844,-49.9900016784668,43.859375,0.0
184,47104000,9.187430381774902,61.99400329589844,-40.01000213623047,43.44140625,0.0
185,47360000,9.11672306060791,55.99800109863281,-49.99400329589844,42.9609375,0.0
186,47616000,8.654136657714844,53.99800109863281,-43.992000579833984,44.1171875,0.0
187,47872000,10.44379711151123,51.98800277709961,-35.954002380371094,43.1953125,0.0
188,48128000,8.931012153625488,40.00600051879883,9.984000205993652,44.16015625,0.0
189,48384000,10.253152847290039,46.01400375366211,-6.068000316619873,43.5546875,0.0
190,48640000,9.501789093017578,59.98400115966797,-73.96000671386719,44.875,0.0
191,48896000,11.28767204284668,44.01400375366211,-34.02400207519531,44.1875,0.0
192,49152000,9.89894962310791,58.00400161743164,-57.98200225830078,44.84375,0.0
193,49408000,10.410988807678223,61.98800277709961,-39.96200180053711,44.86328125,0.0
194,49664000,11.241238594055176,50.018001556396484,-2.0240001678466797,44.57421875,0.0
195,49920000,10.2911958694458,67.99200439453125,-26.016000747680664,43.34375,0.0
196,50176000,8.51850414276123,59.99400329589844,-41.98800277709961,42.73828125,0.0
197,50432000,7.493734836578369,54.000003814697266,-30.01000213623047,43.8359375,0.0
198,50688000,9.03787899017334,54.02000427246094,-40.04800033569336,43.515625,0.0
199,50944000,7.856925964355469,73.96200561523438,-87.93000793457031,43.87890625,0.0
200,51200000,9.31265640258789,36.03200149536133,-18.060001373291016,43.62890625,0.0
201,51456000,9.470539093017578,67.99200439453125,-77.96800231933594,45.1953125,0.0
202,51712000,11.255414962768555,59.99200439453125,-45.96800231933594,43.7734375,0.0
203,51968000,8.859273910522461,52.01000213623047,-14.024001121520996,43.83984375,0.0
204,52224000,8.75942611694336,61.98200225830078,-37.974002838134766,44.4296875,0.0
205,52480000,10.371598243713379,43.99400329589844,-12.00200080871582,44.9765625,0.0
206,52736000,10.874250411987305,38.02800369262695,-14.040000915527344,44.734375,0.0
207,52992000,10.12475872039795,65.99200439453125,-53.99400329589844,44.16015625,0.0
208,53248000,9.883805274963379,57.99400329589844,-47.98600387573242,45.24609375,0.0
209,53504000,10.874024391174316,52.0160026550293,-34.02000045776367,43.921875,0.0
210,53760000,9.89704704284668,67.98200225830078,-54.00200271606445,43.828125,0.0
211,54016000,8.508492469787598,50.040000915527344,-56.018001556396484,44.0,0.0
212,54272000,9.188746452331543,89.94400787353516,-73.9260025024414,44.79296875,0.0
213,54528000,10.433265686035156,34.03200149536133,-0.018000001087784767,44.75390625,0.0
214,54784000,10.106949806213379,65.99200439453125,-17.996000289916992,45.3046875,0.0
215,55040000,11.585066795349121,57.99200439453125,-13.988000869750977,45.16015625,0.0
216,55296000,10.71360969543457,49.99800109863281,-2.0260000228881836,43.48046875,0.0
217,55552000,9.481281280517578,48.0160026550293,-28.032001495361328,44.625,0.0
218,55808000,10.293074607849121,63.98400115966797,-59.970001220703125,45.203125,0.0
219,56064000,10.399531364440918,48.00600051879883,-30.036001205444336,45.20703125,0.0
220,56320000,11.49221134185791,54.00200271606445,-65.97600555419922,45.74609375,0.0
221,56576000,11.515551567077637,55.99400329589844,-41.9900016784668,45.046875,0.0
222,56832000,11.441243171691895,49.9900016784668,-31.95600128173828,45.2890625,0.0
223,57088000,11.276668548583984,40.03000259399414,11.910000801086426,45.11328125,0.0
224,57344000,10.601398468017578,69.98200225830078,-77.93400573730469,44.5546875,0.0
225,57600000,10.437348365783691,52.03400421142578,-12.054000854492188,44.29296875,0.0
226,57856000,10.285606384277344,85.96600341796875,-65.97000122070312,44.62109375,0.0
227,58112000,10.734305381774902,51.9900016784668,-35.96000289916992,45.03125,0.0
228,58368000,10.664828300476074,42.0160026550293,3.936000108718872,45.28125,0.0
229,58624000,11.429722785949707,57.99400329589844,-59.980003356933594,44.71875,0.0
230,58880000,11.464723587036133,52.00200271606445,-39.97800064086914,45.45703125,0.0
231,59136000,11.342934608459473,53.99200439453125,-17.996000289916992,45.1015625,0.0
232,59392000,10.526351928710938,45.996002197265625,-13.998001098632812,43.9296875,0.0
233,59648000,9.534266471862793,42.01400375366211,-12.016000747680664,44.0078125,0.0
234,59904000,8.645347595214844,55.9900016784668,-27.998001098632812,44.0625,0.0
235,60160000,9.460899353027344,46.00200271606445,-26.014001846313477,44.58984375,0.0
236,60416000,9.421438217163086,47.99400329589844,-39.97200012207031,43.66015625,0.0
237,60672000,8.984230995178223,42.02000045776367,-12.034000396728516,44.01171875,0.0
238,60928000,8.84163761138916,62.01000213623047,-46.01000213623047,45.27734375,0.0
239,61184000,10.632804870605469,71.99200439453125,-55.978004455566406,45.28125,0.0
240,61440000,10.624149322509766,63.996002197265625,-34.02000045776367,44.41015625,0.0
241,61696000,9.77338695526123,60.00400161743164,-54.00400161743164,44.03515625,0.0
242,61952000,9.722879409790039,63.96800231933594,-57.928001403808594,44.359375,0.0
243,62208000,9.94742202758789,32.02400207519531,13.964000701904297,45.8046875,0.0
244,62464000,12.054535865783691,56.00800323486328,-21.998001098632812,45.76171875,0.0
245,62720000,11.900188446044922,63.98200225830078,-19.972000122070312,44.34765625,0.0
246,62976000,9.746238708496094,45.99400329589844,7.984000205993652,44.34375,0.0
247,63232000,9.889398574829102,40.03600311279297,-8.039999961853027,44.6875,0.0
248,63488000,8.664593696594238,75.98400115966797,-48.0160026550293,44.41796875,0.0
249,63744000,9.196903228759766,59.99800109863281,-63.96400451660156,44.9375,0.0
250,64000000,10.785528182983398,58.02000427246094,-28.034000396728516,45.4765625,0.0
251,64256000,11.156437873840332,77.96600341796875,-61.95600128173828,45.12890625,0.0
252,64512000,11.342117309570312,44.03200149536133,-18.046001434326172,44.67578125,0.0
253,64768000,9.711297035217285,75.97200012207031,-63.952003479003906,45.26953125,0.0
254,65024000,10.070684432983398,48.00200271606445,-16.00400161743164,45.3671875,0.0
255,65280000,10.439238548278809,49.996002197265625,-20.022001266479492,43.98828125,0.0
256,65536000,8.275039672851562,46.00200271606445,-41.97800064086914,45.05859375,0.0
257,65792000,9.8746919631958,48.00200271606445,-19.98000144958496,44.74609375,0.0
258,66048000,9.567805290222168,50.02800369262695,-0.06400000303983688,45.08984375,0.0
259,66304000,10.964754104614258,77.98200225830078,-63.97200393676758,45.12109375,0.0
260,66560000,10.875657081604004,59.98800277709961,-35.99800109863281,45.703125,0.0
261,66816000,11.532246589660645,47.996002197265625,-33.96800231933594,46.29296875,0.0
262,67072000,12.525453567504883,44.0420036315918,-2.130000114440918,45.64453125,0.0
263,67328000,10.636930465698242,85.98800659179688,-131.93600463867188,45.2265625,0.0
264,67584000,10.8488130569458,73.97000122070312,-67.9540023803711,46.27734375,0.0
265,67840000,12.00426197052002,44.000003814697266,-21.976001739501953,46.12109375,0.0
266,68096000,12.358246803283691,43.97200393676758,2.0260000228881836,45.609375,0.0
267,68352000,11.231125831604004,16.02400016784668,27.948001861572266,45.484375,0.0
268,68608000,11.887176513671875,40.01000213623047,-24.006000518798828,46.35546875,0.0
269,68864000,12.344086647033691,50.00400161743164,-29.992000579833984,46.25,0.0
270,69120000,12.678703308105469,54.018001556396484,-21.990001678466797,45.859375,0.0
271,69376000,11.694168090820312,71.9800033569336,-12.00200080871582,45.5078125,0.0
272,69632000,10.550461769104004,52.01000213623047,-14.054000854492188,45.30078125,0.0
273,69888000,10.231765747070312,61.99800109863281,-67.9780044555664,45.71875,0.0
274,70144000,11.526484489440918,60.0260009765625,-46.022003173828125,45.390625,0.0
275,70400000,10.666102409362793,85.95600128173828,-67.97200012207031,44.48828125,0.0
276,70656000,8.802461624145508,42.012001037597656,-39.974002838134766,45.25390625,0.0
277,70912000,10.47973918914795,53.99400329589844,-14.016000747680664,44.7578125,0.0
278,71168000,9.749828338623047,48.01000213623047,-29.976001739501953,44.58203125,0.0
279,71424000,9.579855918884277,58.00800323486328,-6.028000354766846,45.55078125,0.0
280,71680000,11.308172225952148,65.96600341796875,-33.95800018310547,45.45703125,0.0
281,71936000,10.885993003845215,32.013999938964844,7.982000350952148,45.28125,0.0
282,72192000,10.160765647888184,46.0160026550293,-10.03600025177002,45.0703125,0.0
283,72448000,10.769890785217285,61.98800277709961,-45.98200225830078,46.06640625,0.0
284,72704000,11.130297660827637,50.018001556396484,-28.0260009765625,46.5625,0.0
285,72960000,12.517778396606445,68.0040054321289,-54.0160026550293,45.84765625,0.0
286,73216000,10.764351844787598,71.99400329589844,-69.98400115966797,45.3359375,0.0
287,73472000,9.492875099182129,65.99600219726562,-54.01000213623047,45.19921875,0.0
288,73728000,10.181078910827637,61.99200439453125,-63.95000457763672,45.7421875,0.0
289,73984000,11.570328712463379,54.01000213623047,-14.008000373840332,46.1484375,0.0
290,74240000,11.586102485656738,64.0,-22.040000915527344,46.31640625,0.0
291,74496000,11.749504089355469,64.01600646972656,-61.96800231933594,45.42578125,0.0
292,74752000,11.254531860351562,79.97400665283203,-29.98400115966797,45.97265625,0.0
293,75008000,11.878898620605469,54.00200271606445,-14.004000663757324,45.8671875,0.0
294,75264000,11.87027359008789,56.012001037597656,-18.05000114440918,45.421875,0.0
295,75520000,11.051594734191895,68.01000213623047,-67.99000549316406,46.140625,0.0
296,75776000,11.863109588623047,77.96800231933594,-57.96400451660156,45.94921875,0.0
297,76032000,11.689172744750977,46.03000259399414,-22.04400062561035,44.78515625,0.0
298,76288000,9.45684814453125,75.99800109863281,-65.98600006103516,45.11328125,0.0
299,76544000,9.274168014526367,73.9800033569336,-51.97800064086914,45.24609375,0.0
300,76800000,10.005875587463379,54.02000427246094,-30.040000915527344,46.375,0.0
301,77056000,11.972394943237305,73.98200225830078,-69.97400665283203,45.41015625,0.0
302,77312000,11.710871696472168,55.98400115966797,-43.94600296020508,45.390625,0.0
303,77568000,11.64553165435791,40.018001556396484,9.9660005569458,46.18359375,0.0
304,77824000,12.643157005310059,57.98200225830078,-23.976001739501953,45.3671875,0.0
305,78080000,11.26978588104248,40.0160026550293,-0.02200000174343586,45.4921875,0.0
306,78336000,11.525043487548828,55.98600387573242,-21.996000289916992,46.83203125,0.0
307,78592000,13.127699851989746,42.02000045776367,-18.030000686645508,45.8984375,0.0
308,78848000,11.922098159790039,61.97200393676758,-47.92400360107422,46.18359375,0.0
309,79104000,12.144414901733398,34.0260009765625,27.93800163269043,46.140625,0.0
310,79360000,12.026629447937012,59.97200393676758,-33.952003479003906,46.140625,0.0
311,79616000,11.313199996948242,32.03000259399414,13.942000389099121,45.890625,0.0
312,79872000,12.01042652130127,62.00200271606445,-43.97800064086914,45.96875,0.0
313,80128000,10.71900463104248,64.0060043334961,-22.056001663208008,45.86328125,0.0
314,80384000,10.97301959991455,69.97000122070312,-77.91000366210938,46.25390625,0.0
315,80640000,11.337347984313965,39.996002197265625,11.964000701904297,47.078125,0.0
316,80896000,12.743351936340332,36.040000915527344,-24.034000396728516,44.875,0.0
317,81152000,10.00621509552002,75.9780044555664,-57.94400405883789,46.1875,0.0
318,81408000,12.312484741210938,54.00800323486328,-2.0480000972747803,46.54296875,0.0
319,81664000,12.295899391174316,61.9900016784668,-50.00200271606445,45.3046875,0.0
320,81920000,11.320738792419434,52.000003814697266,-51.96200180053711,45.734375,0.0
321,82176000,11.746641159057617,51.992000579833984,-14.004000663757324,45.75390625,0.0
322,82432000,12.294625282287598,44.00800323486328,-18.006000518798828,47.26171875,0.0
323,82688000,13.947680473327637,52.02400207519531,-24.038002014160156,45.8984375,0.0
324,82944000,12.410317420959473,75.98800659179688,-61.974002838134766,46.578125,0.0
325,83200000,12.570598602294922,64.0,-36.00400161743164,46.109375,0.0
326,83456000,12.854644775390625,63.99400329589844,-39.96600341796875,45.87109375,0.0
327,83712000,12.031234741210938,57.99400329589844,-6.0400004386901855,46.33984375,0.0
328,83968000,12.015035629272461,52.00800323486328,-45.99800109863281,46.39453125,0.0
329,84224000,11.426789283752441,59.99400329589844,-43.98800277709961,46.45703125,0.0
330,84480000,12.433246612548828,53.996002197265625,-32.018001556396484,46.109375,0.0
331,84736000,12.086828231811523,50.000003814697266,-49.93400192260742,46.796875,0.0
332,84992000,12.97527027130127,50.000003814697266,15.962000846862793,45.234375,0.0
333,85248000,11.68354320526123,50.0160026550293,-22.0260009765625,46.4765625,0.0
334,85504000,11.633891105651855,65.98600006103516,-47.996002197265625,46.91015625,0.0
335,85760000,12.710957527160645,51.99800109863281,-43.96000289916992,45.9375,0.0
336,86016000,12.729804992675781,50.00200271606445,-4.010000228881836,46.12109375,0.0
337,86272000,12.06607437133789,52.0160026550293,-14.03600025177002,46.1640625,0.0
338,86528000,11.733895301818848,67.96600341796875,-49.94000244140625,45.95703125,0.0
339,86784000,11.253461837768555,33.996002197265625,10.022000312805176,45.84375,0.0
340,87040000,10.809722900390625,30.024002075195312,31.926000595092773,46.36328125,0.0
341,87296000,11.936355590820312,54.02800369262695,-42.018001556396484,45.3515625,0.0
342,87552000,10.794543266296387,81.9520034790039,-59.96600341796875,46.1015625,0.0
343,87808000,12.366484642028809,34.0260009765625,-26.022001266479492,46.1796875,0.0
344,88064000,11.665105819702148,60.012001037597656,-47.98600387573242,46.30859375,0.0
345,88320000,12.705965042114258,72.0060043334961,-34.02000045776367,46.08203125,0.0
346,88576000,11.641422271728516,77.96200561523438,-53.96000289916992,45.95703125,0.0
347,88832000,12.436964988708496,40.00200271606445,-13.992000579833984,46.02734375,0.0
348,89088000,11.90230941772461,42.01400375366211,-6.062000274658203,45.609375,0.0
349,89344000,11.868653297424316,56.000003814697266,-67.9780044555664,47.078125,0.0
350,89600000,13.33102798461914,55.98400115966797,-45.95600128173828,45.953125,0.0
351,89856000,12.326828956604004,40.0160026550293,-2.0260000228881836,45.265625,0.0
352,90112000,11.030219078063965,56.006004333496094,-28.0260009765625,44.80859375,0.0
353,90368000,10.002718925476074,62.00800323486328,-53.99800109863281,46.03125,0.0
354,90624000,12.718188285827637,69.97400665283203,-51.97800064086914,46.2890625,0.0
355,90880000,12.155117988586426,44.00400161743164,-30.006000518798828,45.58984375,0.0
356,91136000,11.022965431213379,48.02400207519531,-36.013999938964844,45.48046875,0.0
357,91392000,10.553008079528809,71.99800109863281,-49.99800109863281,46.7890625,0.0
358,91648000,12.777496337890625,69.98200225830078,-47.970001220703125,46.8359375,0.0
359,91904000,12.92855167388916,52.006004333496094,-18.010000228881836,46.2109375,0.0
360,92160000,11.794261932373047,58.00400161743164,-27.998001098632812,47.65234375,0.0
361,92416000,13.085144996643066,61.98400115966797,-25.976001739501953,46.4921875,0.0
362,92672000,12.293743133544922,45.99400329589844,-1.9900001287460327,46.5859375,0.0
363,92928000,13.066204071044922,40.02000045776367,7.972000598907471,46.43359375,0.0
364,93184000,12.861903190612793,60.000003814697266,-20.0,46.2578125,0.0
365,93440000,11.484437942504883,59.99200439453125,-19.992000579833984,46.1484375,0.0
366,93696000,11.547492980957031,52.000003814697266,-12.004000663757324,46.4375,0.0
367,93952000,12.162219047546387,52.02400207519531,-16.058000564575195,45.33984375,0.0
368,94208000,10.32144546508789,75.9780044555664,-73.96400451660156,45.921875,0.0
369,94464000,11.453539848327637,53.98600387573242,-37.98400115966797,46.84765625,0.0
370,94720000,11.867019653320312,40.022003173828125,-22.036001205444336,45.88671875,0.0
371,94976000,11.699559211730957,61.978004455566406,-57.94000244140625,46.36328125,0.0
372,95232000,12.039207458496094,40.034000396728516,1.940000057220459,46.37890625,0.0
373,95488000,12.184305191040039,73.99000549316406,-57.948001861572266,46.921875,0.0
374,95744000,12.893348693847656,64.0,-6.026000499725342,45.71484375,0.0
375,96000000,11.712121963500977,63.98200225830078,-31.972002029418945,46.70703125,0.0
376,96256000,12.894086837768555,46.00600051879883,-4.026000022888184,46.5078125,0.0
377,96512000,12.447848320007324,51.99400329589844,-29.990001678466797,45.92578125,0.0
378,96768000,11.0792818069458,46.00800323486328,-19.98400115966797,46.45703125,0.0
379,97024000,12.233684539794922,53.98600387573242,-4.0420002937316895,46.13671875,0.0
380,97280000,11.543769836425781,39.99800109863281,-45.958003997802734,46.625,0.0
381,97536000,12.343180656433105,38.01000213623047,-4.016000270843506,46.3125,0.0
382,97792000,11.774055480957031,48.03600311279297,-20.07200050354004,46.7421875,0.0
383,98048000,12.390106201171875,83.97000122070312,-91.95000457763672,46.1328125,0.0
384,98304000,11.872075080871582,54.00400161743164,-41.996002197265625,46.4140625,0.0
385,98560000,12.850973129272461,58.012001037597656,-38.0260009765625,46.46875,0.0
386,98816000,12.261445999145508,69.99400329589844,-63.98600387573242,45.87109375,0.0
387,99072000,11.98853588104248,63.9900016784668,-49.996002197265625,47.12109375,0.0
388,99328000,12.241762161254883,53.98600387573242,-45.95000076293945,45.86328125,0.0
389,99584000,11.817258834838867,40.034000396728516,3.9680001735687256,46.57421875,0.0
390,99840000,12.667559623718262,73.99400329589844,-28.038002014160156,46.35546875,0.0
391,100096000,12.257852554321289,68.0,-65.97600555419922,46.0703125,0.0
392,100352000,12.296344757080078,67.9800033569336,-41.96800231933594,46.43359375,0.0
393,100608000,11.76788330078125,47.9900016784668,-9.99000072479248,47.140625,0.0
394,100864000,14.024148941040039,37.9900016784668,0.010000000707805157,47.40625,0.0
395,101120000,14.732242584228516,28.02800178527832,9.976000785827637,46.421875,0.0
396,101376000,12.602559089660645,55.99800109863281,-14.008000373840332,47.0625,0.0
397,101632000,13.597821235656738,54.0260009765625,-22.06800079345703,47.203125,0.0
398,101888000,13.762207984924316,79.96000671386719,-89.9320068359375,47.4765625,0.0
399,102144000,14.249102592468262,40.00400161743164,-21.98000144958496,46.78125,0.0
400,102400000,13.35142993927002,44.00600051879883,-1.9920001029968262,46.73046875,0.0
401,102656000,13.2174072265625,50.02800369262695,5.922000408172607,46.140625,0.0
402,102912000,11.876008033752441,77.96600341796875,-71.93800354003906,46.515625,0.0
403,103168000,12.88209056854248,43.99800109863281,-9.9660005569458,46.7734375,0.0
404,103424000,12.160715103149414,42.0160026550293,23.964000701904297,46.8046875,0.0
405,103680000,12.719390869140625,58.03600311279297,-12.098000526428223,47.44921875,0.0
406,103936000,13.360980987548828,93.96200561523438,-109.87600708007812,47.80078125,0.0
407,104192000,14.96259880065918,56.01400375366211,13.922000885009766,46.3515625,0.0
408,104448000,12.718852043151855,69.98200225830078,-63.96800231933594,46.66015625,0.0
409,104704000,12.81992244720459,51.99800109863281,-32.00800323486328,46.5,0.0
410,104960000,12.429953575134277,49.996002197265625,-39.97200012207031,47.24609375,0.0
411,105216000,12.695000648498535,46.0160026550293,-12.016000747680664,46.48828125,0.0
412,105472000,12.383527755737305,61.98800277709961,-27.988000869750977,46.6171875,0.0
413,105728000,13.098402976989746,50.018001556396484,-16.064001083374023,47.02734375,0.0
414,105984000,13.844090461730957,67.97600555419922,-79.90800476074219,46.90625,0.0
415,106240000,14.182122230529785,44.034000396728516,11.950000762939453,46.8203125,0.0
416,106496000,12.7118558883667,77.99000549316406,-38.00600051879883,47.80859375,0.0
417,106752000,13.629949569702148,67.99400329589844,-43.98800277709961,47.01171875,0.0
418,107008000,14.67078971862793,61.980003356933594,-31.976001739501953,47.07421875,0.0
419,107264000,13.585102081298828,42.0160026550293,-7.996000289916992,46.4140625,0.0
420,107520000,12.750082969665527,57.99800109863281,-4.028000354766846,46.8515625,0.0
421,107776000,12.831313133239746,56.006004333496094,-32.02400207519531,46.40625,0.0
422,108032000,12.113258361816406,62.006004333496094,-56.00200271606445,45.96875,0.0
423,108288000,12.090418815612793,68.02000427246094,-58.02800369262695,46.36328125,0.0
424,108544000,12.664188385009766,87.9540023803711,-85.9520034790039,46.63671875,0.0
425,108800000,12.789457321166992,42.00600051879883,-38.0160026550293,46.44140625,0.0
426,109056000,13.1827392578125,47.98800277709961,-53.952003479003906,46.265625,0.0
427,109312000,12.327969551086426,36.00800323486328,-6.022000312805176,46.58203125,0.0
428,109568000,12.171648979187012,44.01000213623047,-28.014001846313477,45.8671875,0.0
429,109824000,11.946168899536133,54.0160026550293,-42.02000045776367,46.859375,0.0
430,110080000,12.80018424987793,69.9780044555664,-61.95600128173828,46.55078125,0.0
431,110336000,12.203965187072754,48.012001037597656,-18.040000915527344,46.86328125,0.0
432,110592000,13.042567253112793,59.98600387573242,-57.952003479003906,46.24609375,0.0
433,110848000,12.639981269836426,45.98600387573242,-9.998000144958496,46.24609375,0.0
434,111104000,11.99634075164795,32.03600311279297,-8.038000106811523,47.01953125,0.0
435,111360000,12.2427978515625,67.98600006103516,-45.98200225830078,46.890625,0.0
436,111616000,12.851399421691895,54.01000213623047,-28.00400161743164,46.7109375,0.0
437,111872000,12.687704086303711,63.99200439453125,-32.00600051879883,46.890625,0.0
438,112128000,12.891012191772461,55.99800109863281,-37.98400115966797,47.2890625,0.0
439,112384000,13.278133392333984,54.018001556396484,-22.006000518798828,47.41796875,0.0
440,112640000,14.063895225524902,71.96000671386719,-27.972002029418945,45.58203125,0.0
441,112896000,11.556449890136719,32.02000045776367,-0.030000001192092896,47.03515625,0.0
442,113152000,13.316524505615234,52.0160026550293,-30.00800132751465,46.796875,0.0
443,113408000,13.43404769897461,67.97600555419922,-37.95600128173828,46.9765625,0.0
444,113664000,13.884285926818848,44.02000045776367,5.948000431060791,46.0390625,0.0
445,113920000,11.455161094665527,64.01399993896484,-45.996002197265625,47.078125,0.0
446,114176000,13.489192008972168,77.95800018310547,-41.94600296020508,47.2734375,0.0
447,114432000,14.396988868713379,36.01000213623047,11.986001014709473,45.85546875,0.0
448,114688000,12.950836181640625,46.040000915527344,-2.0820000171661377,47.984375,0.0
449,114944000,14.566887855529785,85.97000122070312,-83.94200134277344,47.984375,0.0
450,115200000,15.045211791992188,55.978004455566406,-25.976001739501953,46.984375,0.0
451,115456000,13.383973121643066,34.01000213623047,-1.9900001287460327,47.91015625,0.0
452,115712000,14.54237174987793,44.00200271606445,7.968000411987305,46.94140625,0.0
453,115968000,13.944454193115234,45.99400329589844,-24.000001907348633,46.67578125,0.0
454,116224000,13.085379600524902,40.02400207519531,-24.042001724243164,46.80859375,0.0
455,116480000,12.527098655700684,64.01399993896484,-65.99200439453125,46.3984375,0.0
456,116736000,12.280008316040039,77.97600555419922,-57.98600387573242,45.39453125,0.0
457,116992000,11.0396728515625,54.012001037597656,-43.99400329589844,46.08984375,0.0
458,117248000,11.648285865783691,65.99200439453125,-38.00600051879883,45.765625,0.0
459,117504000,11.497289657592773,57.980003356933594,-43.9640007019043,46.85546875,0.0
460,117760000,12.692410469055176,38.034000396728516,-8.070000648498535,47.421875,0.0
461,118016000,13.694219589233398,71.99800109863281,-77.96000671386719,46.33984375,0.0
462,118272000,12.601906776428223,70.02799987792969,-38.064002990722656,46.84765625,0.0
463,118528000,12.946247100830078,97.9580078125,-101.92200469970703,47.62109375,0.0
464,118784000,13.878605842590332,55.99800109863281,-23.994001388549805,46.89453125,0.0
465,119040000,13.578383445739746,54.0160026550293,-18.02400016784668,47.58984375,0.0
466,119296000,13.836578369140625,69.98200225830078,-41.98200225830078,47.51171875,0.0
467,119552000,14.476910591125488,52.000003814697266,-23.996000289916992,48.24609375,0.0
468,119808000,14.82397747039795,52.006004333496094,-19.998001098632812,47.94921875,0.0
469,120064000,14.581445693969727,58.000003814697266,-18.012001037597656,48.015625,0.0
470,120320000,13.997723579406738,58.00800323486328,-29.98600196838379,48.0546875,0.0
471,120576000,15.6259183883667,65.98200225830078,-16.02400016784668,48.875,0.0
472,120832000,16.540847778320312,48.00600051879883,-39.992000579833984,47.54296875,0.0
473,121088000,14.421887397766113,54.01000213623047,-32.0,47.609375,0.0
474,121344000,14.433418273925781,64.0060043334961,-32.02799987792969,47.05078125,0.0
475,121600000,14.257899284362793,69.9800033569336,-59.974002838134766,47.11328125,0.0
476,121856000,14.34464168548584,50.04600143432617,-34.05800247192383,47.4453125,0.0
477,122112000,15.232836723327637,95.9520034790039,-91.93000793457031,46.93359375,0.0
478,122368000,13.694808959960938,48.00600051879883,-22.034000396728516,46.40625,0.0
479,122624000,13.191204071044922,54.01400375366211,-56.03600311279297,46.875,0.0
480,122880000,12.989238739013672,67.96000671386719,-91.91000366210938,47.30859375,0.0
481,123136000,13.943235397338867,28.020000457763672,-1.9840000867843628,46.18359375,0.0
482,123392000,11.868144989013672,48.000003814697266,13.972001075744629,46.4765625,0.0
483,123648000,12.824414253234863,48.00800323486328,-14.030000686645508,46.6015625,0.0
484,123904000,13.018028259277344,55.978004455566406,-43.96600341796875,46.0078125,0.0
485,124160000,11.51698112487793,34.034000396728516,-10.068000793457031,46.9296875,0.0
486,124416000,12.870465278625488,68.00200653076172,-77.97000122070312,46.59375,0.0
487,124672000,12.243141174316406,69.9800033569336,-47.974002838134766,46.46875,0.0
488,124928000,13.194415092468262,49.992000579833984,-22.012001037597656,46.140625,0.0
489,125184000,12.297403335571289,41.99800109863281,-33.9900016784668,46.53125,0.0
490,125440000,12.822211265563965,40.022003173828125,-24.010000228881836,45.078125,0.0
491,125696000,10.816286087036133,61.98800277709961,-34.02000045776367,45.7890625,0.0
492,125952000,10.696168899536133,50.00800323486328,-53.94400405883789,45.984375,0.0
493,126208000,11.551149368286133,57.98600387573242,1.9900001287460327,45.87109375,0.0
494,126464000,11.918477058410645,44.02000045776367,-8.034000396728516,46.37109375,0.0
495,126720000,12.424508094787598,63.99400329589844,-42.00800323486328,45.60546875,0.0
496,126976000,11.152172088623047,58.01000213623047,-49.98600387573242,45.234375,0.0
497,127232000,10.9816255569458,67.95800018310547,-35.97200012207031,46.02734375,0.0
498,127488000,12.138672828674316,26.00200080871582,-7.964000225067139,47.20703125,0.0
499,127744000,14.088129997253418,28.032001495361328,27.948001861572266,46.609375,0.0
500,128000000,12.374153137207031,60.000003814697266,-23.988000869750977,45.9453125,0.0
501,128256000,11.52975082397461,59.98800277709961,-12.012001037597656,47.5625,0.0
502,128512000,13.932273864746094,48.01000213623047,-24.010000228881836,46.3671875,0.0
503,128768000,12.616254806518555,57.974002838134766,-33.944000244140625,48.23046875,0.0
504,129024000,15.583719253540039,32.00400161743164,21.98200035095215,46.98828125,0.0
505,129280000,13.366555213928223,36.034000396728516,3.936000108718872,46.703125,0.0
506,129536000,12.73521900177002,69.98600006103516,-59.96000289916992,46.890625,0.0
507,129792000,13.578441619873047,56.00800323486328,-20.010000228881836,46.95703125,0.0
508,130048000,13.893278121948242,64.01399993896484,-30.02800178527832,46.29296875,0.0
509,130304000,12.64036750793457,77.99800109863281,-58.01400375366211,46.28125,0.0
510,130560000,12.383941650390625,75.96800231933594,-71.96000671386719,46.78125,0.0
511,130816000,13.512012481689453,44.0160026550293,-31.990001678466797,46.80078125,0.0
512,131072000,13.803719520568848,60.00400161743164,-22.014001846313477,46.89453125,0.0
513,131328000,12.836352348327637,64.00200653076172,-36.040000915527344,46.3046875,0.0
514,131584000,13.248801231384277,65.98400115966797,-75.94600677490234,46.15625,0.0
515,131840000,12.05172348022461,50.00600051879883,-22.016000747680664,46.9765625,0.0
516,132096000,12.991805076599121,55.99800109863281,-37.996002197265625,46.328125,0.0
517,132352000,12.60870361328125,54.000003814697266,-34.013999938964844,45.80078125,0.0
518,132608000,11.9386568069458,53.99400329589844,-47.97800064086914,46.69921875,0.0
519,132864000,13.094161033630371,48.00400161743164,-25.976001739501953,46.48046875,0.0
520,133120000,13.503087043762207,51.99400329589844,-2.0220000743865967,46.109375,0.0
521,133376000,12.683242797851562,45.9900016784668,-23.992000579833984,46.32421875,0.0
522,133632000,12.33130931854248,36.022003173828125,-16.034000396728516,45.8203125,0.0
523,133888000,11.610278129577637,57.99200439453125,-49.954002380371094,46.40625,0.0
524,134144000,12.512247085571289,49.958003997802734,-3.9660000801086426,46.60546875,0.0
525,134400000,13.0390043258667,8.038000106811523,29.988000869750977,46.37109375,0.0
526,134656000,12.979856491088867,46.022003173828125,17.946001052856445,46.68359375,0.0
527,134912000,12.36728572845459,67.99400329589844,-35.986000061035156,46.6171875,0.0
528,135168000,12.46430492401123,62.01200485229492,-22.006000518798828,46.33203125,0.0
529,135424000,11.926547050476074,73.99200439453125,-28.034000396728516,46.6484375,0.0
530,135680000,12.691437721252441,66.0,-61.98800277709961,46.44921875,0.0
531,135936000,12.724336624145508,66.01200103759766,-50.0260009765625,47.42578125,0.0
532,136192000,14.40120792388916,77.9780044555664,-75.94400024414062,46.68359375,0.0
533,136448000,13.266793251037598,56.00200271606445,-20.016000747680664,47.09765625,0.0
534,136704000,14.432348251342773,57.99400329589844,-35.98800277709961,46.69140625,0.0
535,136960000,13.187536239624023,52.00400161743164,-24.014001846313477,46.59375,0.0
536,137216000,13.22242259979248,56.018001556396484,-38.038002014160156,46.66796875,0.0
537,137472000,12.9889497756958,73.97200012207031,-75.9320068359375,47.421875,0.0
538,137728000,13.654305458068848,46.012001037597656,-8.028000831604004,45.9296875,0.0
539,137984000,11.71250057220459,57.980003356933594,-35.96600341796875,46.76171875,0.0
540,138240000,13.271977424621582,38.018001556396484,-2.0320000648498535,45.88671875,0.0
541,138496000,11.813324928283691,56.00400161743164,-33.980003356933594,46.51953125,0.0
542,138752000,12.638086318969727,59.99800109863281,-14.01400089263916,46.6484375,0.0
543,139008000,14.00243854522705,58.01000213623047,-28.00200080871582,46.85546875,0.0
544,139264000,12.536195755004883,68.0040054321289,-30.016000747680664,46.59765625,0.0
545,139520000,13.572969436645508,71.96600341796875,-45.948001861572266,46.03515625,0.0
546,139776000,12.3246488571167,38.012001037597656,5.970000267028809,46.32421875,0.0
547,140032000,12.754219055175781,49.9900016784668,-23.972002029418945,46.53125,0.0
548,140288000,13.065707206726074,40.02800369262695,3.9100000858306885,46.20703125,0.0
549,140544000,12.369512557983398,67.99400329589844,-85.9520034790039,48.38671875,0.0
550,140800000,14.69106674194336,61.980003356933594,-37.96200180053711,47.3046875,0.0
551,141056000,14.35173511505127,42.012001037597656,0.00800000037997961,47.38671875,0.0
552,141312000,14.522648811340332,53.98800277709961,8.008000373840332,47.078125,0.0
553,141568000,13.733793258666992,42.03200149536133,15.910000801086426,46.48046875,0.0
554,141824000,13.152504920959473,73.98600006103516,-73.95800018310547,46.7265625,0.0
555,142080000,13.31203556060791,59.978004455566406,-31.974000930786133,46.4921875,0.0
556,142336000,12.848348617553711,38.013999938964844,-6.014000415802002,47.01171875,0.0
557,142592000,13.53897762298584,52.01000213623047,-20.022001266479492,47.1484375,0.0
558,142848000,13.452856063842773,61.98600387573242,-41.96600341796875,46.62890625,0.0
559,143104000,13.185375213623047,47.992000579833984,-8.004000663757324,47.3203125,0.0
560,143360000,14.963188171386719,40.038002014160156,-12.040000915527344,46.72265625,0.0
561,143616000,13.309125900268555,77.9800033569336,-51.992000579833984,46.94140625,0.0
562,143872000,13.838911056518555,57.96200180053711,-43.92400360107422,46.2890625,0.0
563,144128000,12.90606689453125,20.02800178527832,31.96000099182129,46.30078125,0.0
564,144384000,12.722977638244629,48.01000213623047,-8.039999961853027,47.20703125,0.0
565,144640000,13.041816711425781,57.99800109863281,-47.996002197265625,45.89453125,0.0
566,144896000,11.893363952636719,56.018001556396484,-43.9900016784668,47.9140625,0.0
567,145152000,14.6271333694458,73.97000122070312,-33.97600173950195,46.46875,0.0
568,145408000,12.852657318115234,44.00400161743164,-10.006000518798828,45.21484375,0.0
569,145664000,10.04487133026123,48.00400161743164,-16.022001266479492,46.05859375,0.0
570,145920000,11.944195747375488,51.98800277709961,-37.980003356933594,45.37890625,0.0
571,146176000,10.828985214233398,40.01400375366211,-18.02800178527832,45.63671875,0.0
572,146432000,11.688668251037598,54.0160026550293,-46.00200271606445,46.5078125,0.0
573,146688000,12.854040145874023,69.99600219726562,-48.022003173828125,46.18359375,0.0
574,146944000,11.4264497756958,65.97000122070312,-69.92400360107422,46.765625,0.0
575,147200000,12.093563079833984,36.034000396728516,5.9120001792907715,45.8359375,0.0
576,147456000,11.906493186950684,70.0,-81.99000549316406,46.06640625,0.0
577,147712000,12.149441719055176,70.01600646972656,-72.0300064086914,46.25390625,0.0
578,147968000,13.153410911560059,85.9540023803711,-101.90400695800781,47.3984375,0.0
579,148224000,14.218348503112793,40.02400207519531,-6.016000270843506,47.5,0.0
580,148480000,13.816664695739746,63.99800491333008,-22.038000106811523,47.828125,0.0
581,148736000,14.074004173278809,62.01000213623047,-59.978004455566406,47.6796875,0.0
582,148992000,13.858071327209473,71.9800033569336,-38.00600051879883,46.47265625,0.0
583,149248000,12.55486011505127,51.98600387573242,-43.948001861572266,46.42578125,0.0
584,149504000,12.727254867553711,38.018001556396484,7.950000286102295,46.7890625,0.0
585,149760000,13.417703628540039,55.99400329589844,-41.98400115966797,47.01171875,0.0
586,150016000,13.153066635131836,50.02000427246094,-26.0260009765625,47.41015625,0.0
587,150272000,13.873743057250977,70.0040054321289,-51.9900016784668,46.26953125,0.0
588,150528000,12.616933822631836,74.00200653076172,-42.02000045776367,46.11328125,0.0
589,150784000,12.363113403320312,75.97400665283203,-61.94400405883789,45.92578125,0.0
590,151040000,12.196765899658203,49.992000579833984,-6.008000373840332,47.140625,0.0
591,151296000,13.649715423583984,42.00600051879883,-13.996000289916992,47.64453125,0.0
592,151552000,14.924934387207031,47.99400329589844,-9.980000495910645,47.546875,0.0
593,151808000,14.07719612121582,42.01400375366211,9.946000099182129,47.078125,0.0
594,152064000,13.148633003234863,55.9900016784668,-43.98600387573242,46.87109375,0.0
595,152320000,13.343633651733398,46.044002532958984,-30.032001495361328,47.125,0.0
596,152576000,13.225340843200684,90.00800323486328,-62.060001373291016,46.40234375,0.0
597,152832000,12.00590705871582,97.9260025024414,-121.85600280761719,47.91796875,0.0
598,153088000,14.002617835998535,24.032001495361328,21.96000099182129,46.66015625,0.0
599,153344000,12.71450424194336,55.98400115966797,-17.96200180053711,46.55859375,0.0
600,153600000,12.376484870910645,40.01400375366211,19.948001861572266,47.2109375,0.0
601,153856000,13.859766006469727,54.000003814697266,-32.00200271606445,47.2890625,0.0
602,154112000,14.249207496643066,53.99400329589844,-33.98400115966797,47.61328125,0.0
603,154368000,13.454277992248535,48.01000213623047,-18.038000106811523,45.08203125,0.0
604,154624000,10.704168319702148,57.99800109863281,-55.96800231933594,46.52734375,0.0
605,154880000,11.747164726257324,55.98600387573242,-24.012001037597656,47.0234375,0.0
606,155136000,12.816286087036133,42.00200271606445,-35.97800064086914,46.51171875,0.0
607,155392000,12.695606231689453,44.018001556396484,-14.03600025177002,46.78515625,0.0
608,155648000,12.988668441772461,62.01400375366211,-50.03600311279297,46.76171875,0.0
609,155904000,13.374613761901855,75.96800231933594,-85.88400268554688,47.10546875,0.0
610,156160000,12.98912525177002,44.00800323486328,29.950000762939453,47.3203125,0.0
611,156416000,13.830774307250977,52.01000213623047,-20.00400161743164,46.62109375,0.0
612,156672000,12.573250770568848,61.974002838134766,-23.97800064086914,46.01953125,0.0
613,156928000,11.606328964233398,36.02400207519531,-2.0480000972747803,46.1328125,0.0
614,157184000,12.463797569274902,60.01400375366211,-50.00600051879883,46.0078125,0.0
615,157440000,11.419403076171875,73.98600006103516,-55.97200393676758,46.73046875,0.0
616,157696000,12.852704048156738,60.00200271606445,-28.016000747680664,47.2890625,0.0
617,157952000,13.990789413452148,61.98600387573242,-43.954002380371094,46.859375,0.0
618,158208000,12.593742370605469,47.99800109863281,1.9800001382827759,46.6171875,0.0
619,158464000,12.584527969360352,46.0420036315918,-18.054000854492188,45.9453125,0.0
620,158720000,11.178988456726074,87.96000671386719,-71.93800354003906,47.3671875,0.0
621,158976000,14.383645057678223,48.018001556396484,-10.01200008392334,47.3984375,0.0
622,159232000,15.213715553283691,65.96800231933594,-21.970001220703125,47.7109375,0.0
623,159488000,14.086106300354004,34.022003173828125,7.9860005378723145,47.4453125,0.0
624,159744000,14.252883911132812,55.99800109863281,-5.996000289916992,46.94140625,0.0
625,160000000,13.229804992675781,54.02400207519531,-2.0340001583099365,46.61328125,0.0
626,160256000,12.56580924987793,77.96600341796875,-35.97200012207031,46.53515625,0.0
627,160512000,11.9698486328125,43.996002197265625,-7.978000164031982,46.73828125,0.0
628,160768000,13.065199851989746,40.02000045776367,13.940000534057617,46.5234375,0.0
629,161024000,11.860211372375488,60.02400207519531,-46.02000045776367,46.74609375,0.0
630,161280000,12.695930480957031,83.97600555419922,-65.98400115966797,47.28515625,0.0
631,161536000,13.31323528289795,59.9900016784668,-49.94400405883789,47.859375,0.0
632,161792000,14.045844078063965,50.01400375366211,5.9800004959106445,47.375,0.0
633,162048000,13.015363693237305,63.96200180053711,-13.97800064086914,46.1015625,0.0
634,162304000,12.75416088104248,26.00400161743164,8.010000228881836,46.6484375,0.0
635,162560000,13.008219718933105,30.00800132751465,17.95600128173828,46.90234375,0.0
636,162816000,13.412919044494629,38.02400207519531,-26.012001037597656,46.55859375,0.0
637,163072000,12.271403312683105,61.98400115966797,-37.96000289916992,48.40234375,0.0
638,163328000,14.139008522033691,46.038002014160156,1.940000057220459,46.48046875,0.0
639,163584000,12.523293495178223,83.97200775146484,-57.954002380371094,46.54296875,0.0
640,163840000,12.37818431854248,56.00400161743164,-12.00200080871582,45.53125,0.0
641,164096000,11.656340599060059,60.018001556396484,-14.062000274658203,46.5234375,0.0
642,164352000,11.746258735656738,78.00800323486328,-76.0060043334961,46.2421875,0.0
643,164608000,11.910688400268555,85.98200225830078,-81.97200012207031,46.32421875,0.0
644,164864000,12.441606521606445,67.99400329589844,-53.958003997802734,46.55859375,0.0
645,165120000,12.639410972595215,61.96200180053711,-11.972000122070312,46.19921875,0.0
646,165376000,11.427191734313965,24.046001434326172,15.94800090789795,46.578125,0.0
647,165632000,12.83568000793457,70.0040054321289,-36.03200149536133,46.3515625,0.0
648,165888000,12.578461647033691,73.99600219726562,-68.00800323486328,46.55078125,0.0
649,166144000,12.913383483886719,69.98600006103516,-75.96800231933594,46.3359375,0.0
650,166400000,12.235090255737305,56.0160026550293,-44.00200271606445,46.48828125,0.0
651,166656000,12.949102401733398,71.96400451660156,-45.98600387573242,46.875,0.0
652,166912000,12.832395553588867,35.992000579833984,-31.97800064086914,46.47265625,0.0
653,167168000,13.194543838500977,28.042001724243164,-10.02400016784668,46.33203125,0.0
654,167424000,12.426356315612793,69.99200439453125,-34.00200271606445,46.74609375,0.0
655,167680000,12.99912166595459,62.02400207519531,-36.038002014160156,46.4609375,0.0
656,167936000,12.122246742248535,85.98800659179688,-73.98200225830078,46.71484375,0.0
657,168192000,13.27320384979248,74.0,-56.00400161743164,46.953125,0.0
658,168448000,13.039402961730957,73.97600555419922,-59.96400451660156,47.24609375,0.0
659,168704000,13.377988815307617,50.00400161743164,-24.00400161743164,46.80078125,0.0
660,168960000,12.4630126953125,54.02400207519531,-28.056001663208008,47.91796875,0.0
661,169216000,14.53417682647705,77.9800033569336,-83.94200134277344,47.484375,0.0
662,169472000,13.555215835571289,58.00200271606445,-25.988000869750977,47.171875,0.0
663,169728000,14.082789421081543,59.99400329589844,-13.976000785827637,47.8125,0.0
664,169984000,14.8392972946167,53.99200439453125,9.962000846862793,47.69921875,0.0
665,170240000,14.293340682983398,46.00800323486328,-28.02800178527832,48.1328125,0.0
666,170496000,14.663086891174316,54.03000259399414,-55.98400115966797,47.44921875,0.0
667,170752000,13.687180519104004,83.9780044555664,-40.034000396728516,47.37109375,0.0
668,171008000,13.36764144897461,62.006004333496094,-73.9780044555664,47.5078125,0.0
669,171264000,13.820570945739746,68.0040054321289,-52.00800323486328,47.0703125,0.0
670,171520000,14.077953338623047,72.0060043334961,-59.98800277709961,47.3984375,0.0
671,171776000,13.90766429901123,77.97000122070312,-47.952003479003906,48.06640625,0.0
672,172032000,15.318621635437012,48.00400161743164,-0.014000000432133675,46.80078125,0.0
673,172288000,13.629973411560059,51.99400329589844,-14.016000747680664,47.9765625,0.0
674,172544000,14.695219039916992,45.996002197265625,-29.98600196838379,47.578125,0.0
675,172800000,14.599793434143066,42.022003173828125,-16.02400016784668,46.67578125,0.0
676,173056000,12.8329496383667,64.01600646972656,-40.02400207519531,47.1328125,0.0
677,173312000,13.749879837036133,79.99000549316406,-64.01200103759766,46.99609375,0.0
678,173568000,13.629485130310059,70.0060043334961,-75.98400115966797,47.546875,0.0
679,173824000,14.205657005310059,75.99200439453125,-59.96600341796875,46.80859375,0.0
680,174080000,12.833152770996094,67.96800231933594,-25.988000869750977,47.4453125,0.0
681,174336000,13.952336311340332,36.02400207519531,-14.032000541687012,46.94140625,0.0
682,174592000,13.164734840393066,59.996002197265625,-46.00400161743164,46.83984375,0.0
683,174848000,13.835664749145508,56.006004333496094,-50.01000213623047,47.6484375,0.0
684,175104000,13.562363624572754,61.978004455566406,-59.952003479003906,46.75,0.0
685,175360000,13.427020072937012,40.0160026550293,-12.020000457763672,47.1875,0.0
686,175616000,14.663012504577637,56.018001556396484,-32.03200149536133,47.01953125,0.0
687,175872000,13.613109588623047,73.98800659179688,-63.94600296020508,46.9296875,0.0
688,176128000,13.441465377807617,61.99800109863281,-10.016000747680664,46.96875,0.0
689,176384000,13.499465942382812,59.99400329589844,-26.006000518798828,46.74609375,0.0
690,176640000,12.96633243560791,54.00200271606445,-32.0160026550293,47.421875,0.0
691,176896000,14.450789451599121,56.000003814697266,-47.97800064086914,46.05859375,0.0
692,177152000,12.118109703063965,56.018001556396484,-26.01000213623047,46.9296875,0.0
693,177408000,13.04036808013916,73.96600341796875,-35.9640007019043,46.69921875,0.0
694,177664000,14.342934608459473,40.01400375366211,-0.0560000017285347,47.41015625,0.0
695,177920000,13.526793479919434,53.99200439453125,-55.970001220703125,47.11328125,0.0
696,178176000,12.975699424743652,46.03000259399414,-26.022001266479492,46.40234375,0.0
697,178432000,12.115086555480957,75.97400665283203,-47.958003997802734,47.390625,0.0
698,178688000,13.91716480255127,50.018001556396484,-6.054000377655029,46.59765625,0.0
699,178944000,13.113668441772461,67.98600006103516,-59.958003997802734,47.0703125,0.0
700,179200000,13.501289367675781,53.99400329589844,-18.00800132751465,47.75390625,0.0
701,179456000,14.786340713500977,48.01400375366211,-26.020000457763672,45.59765625,0.0
702,179712000,12.066113471984863,61.99200439453125,-45.99800109863281,46.0625,0.0
703,179968000,11.772965431213379,53.996002197265625,-43.96200180053711,45.4765625,0.0
704,180224000,11.302204132080078,50.022003173828125,-6.044000148773193,47.35546875,0.0
705,180480000,12.722312927246094,71.97600555419922,-49.958003997802734,46.75,0.0
706,180736000,12.378458023071289,47.98600387573242,-7.992000579833984,46.28125,0.0
707,180992000,11.930089950561523,34.02799987792969,-0.04400000348687172,46.49609375,0.0
708,181248000,12.331812858581543,61.974002838134766,-43.96200180053711,46.05078125,0.0
709,181504000,12.11309814453125,36.0260009765625,-6.016000270843506,45.4375,0.0
710,181760000,11.929571151733398,62.00200271606445,-22.020000457763672,46.03515625,0.0
711,182016000,11.813071250915527,63.98800277709961,-41.9640007019043,46.62890625,0.0
712,182272000,12.38272762298584,52.02800369262695,-6.084000110626221,46.63671875,0.0
713,182528000,12.298270225524902,79.98400115966797,-89.91600799560547,47.5078125,0.0
714,182784000,13.692207336425781,63.98200225830078,-6.006000518798828,46.89453125,0.0
715,183040000,14.49077033996582,45.99400329589844,-11.998000144958496,46.76953125,0.0
716,183296000,13.07377815246582,40.03200149536133,-10.076000213623047,46.73828125,0.0
717,183552000,12.632469177246094,71.97600555419922,-85.9320068359375,45.953125,0.0
718,183808000,12.291301727294922,48.02400207519531,-18.056001663208008,47.4453125,0.0
719,184064000,14.52662181854248,71.96800231933594,-73.9280014038086,47.265625,0.0
720,184320000,13.80563735961914,40.012001037597656,-2.0460000038146973,47.25,0.0
721,184576000,14.75297737121582,52.00400161743164,-47.98800277709961,47.046875,0.0
722,184832000,13.825140953063965,55.980003356933594,-35.97200012207031,47.31640625,0.0
723,185088000,14.744786262512207,36.00200271606445,-7.996000289916992,46.80859375,0.0
724,185344000,13.438211441040039,38.00200271606445,-3.9760000705718994,46.625,0.0
725,185600000,14.147391319274902,40.0260009765625,19.918001174926758,46.21875,0.0
726,185856000,13.100894927978516,66.00200653076172,-62.01400375366211,46.6640625,0.0
727,186112000,12.435906410217285,67.99000549316406,-75.93800354003906,47.640625,0.0
728,186368000,14.743610382080078,58.006004333496094,-14.012001037597656,46.59765625,0.0
729,186624000,12.26300048828125,63.996002197265625,-26.012001037597656,46.8359375,0.0
730,186880000,13.54255485534668,59.99400329589844,-37.970001220703125,46.46484375,0.0
731,187136000,13.127800941467285,54.000003814697266,-8.02400016784668,46.51953125,0.0
732,187392000,12.02325439453125,54.02400207519531,-32.034000396728516,46.32421875,0.0
733,187648000,11.840730667114258,77.96000671386719,-65.9780044555664,46.44140625,0.0
734,187904000,12.726653099060059,38.02800369262695,-44.00400161743164,46.375,0.0
735,188160000,12.816500663757324,66.01000213623047,-48.040000915527344,46.046875,0.0
736,188416000,12.911348342895508,75.98600006103516,-87.96000671386719,46.9609375,0.0
737,188672000,14.101668357849121,61.9900016784668,-47.97600173950195,47.57421875,0.0
738,188928000,14.205265998840332,52.01000213623047,-24.00400161743164,46.57421875,0.0
739,189184000,12.441953659057617,62.00200271606445,-28.036001205444336,46.81640625,0.0
740,189440000,12.987539291381836,63.9900016784668,-63.958003997802734,46.13671875,0.0
741,189696000,12.2465238571167,53.99800109863281,-22.00200080871582,46.9453125,0.0
742,189952000,12.676008224487305,51.98800277709961,-23.98600196838379,46.58203125,0.0
743,190208000,12.901778221130371,39.99400329589844,-10.006000518798828,46.6015625,0.0
744,190464000,12.335977554321289,34.00400161743164,-15.992000579833984,46.8671875,0.0
745,190720000,12.375493049621582,38.012001037597656,-7.992000579833984,46.453125,0.0
746,190976000,12.865524291992188,50.0160026550293,-0.06400000303983688,45.4609375,0.0
747,191232000,11.203609466552734,66.0060043334961,-63.96600341796875,46.55078125,0.0
748,191488000,11.688231468200684,71.97400665283203,-29.98200225830078,46.71875,0.0
749,191744000,12.418832778930664,46.03200149536133,-12.072000503540039,47.21875,0.0
750,192000000,13.279324531555176,77.98800659179688,-83.94000244140625,46.28515625,0.0
751,192256000,11.356390953063965,65.98600006103516,-24.010000228881836,46.58203125,0.0
752,192512000,12.277512550354004,51.980003356933594,-34.00400161743164,46.765625,0.0
753,192768000,12.444879531860352,32.044002532958984,-38.013999938964844,46.61328125,0.0
754,193024000,12.012657165527344,75.96600341796875,-51.94200134277344,46.47265625,0.0
755,193280000,12.949840545654297,42.02000045776367,5.944000244140625,46.35546875,0.0
756,193536000,13.570637702941895,62.000003814697266,-49.96800231933594,47.01953125,0.0
757,193792000,13.894742965698242,62.022003173828125,-18.042001724243164,46.92578125,0.0
758,194048000,14.103692054748535,83.99400329589844,-60.006004333496094,46.4296875,0.0
759,194304000,12.32789134979248,77.9780044555664,-65.94800567626953,45.953125,0.0
760,194560000,12.09459400177002,55.974002838134766,-13.960000991821289,46.4140625,0.0
761,194816000,12.937684059143066,30.01000213623047,26.01000213623047,46.90625,0.0
762,195072000,13.120899200439453,40.01400375366211,35.95600128173828,46.86328125,0.0
763,195328000,12.925793647766113,53.9900016784668,-8.01200008392334,46.4609375,0.0
764,195584000,12.935734748840332,44.00600051879883,-19.996000289916992,45.859375,0.0
765,195840000,11.173441886901855,50.00600051879883,-16.0260009765625,46.30078125,0.0
766,196096000,12.73770809173584,55.98800277709961,-41.97200012207031,45.9921875,0.0
767,196352000,12.164434432983398,44.01400375366211,-14.028000831604004,46.7734375,0.0
768,196608000,12.534855842590332,58.03600311279297,-42.0420036315918,46.390625,0.0
769,196864000,12.234477043151855,93.9540023803711,-83.94200134277344,46.6171875,0.0
770,197120000,12.335847854614258,48.00600051879883,-26.016000747680664,46.46484375,0.0
771,197376000,12.24668025970459,53.9900016784668,-41.99400329589844,46.68359375,0.0
772,197632000,12.83081340789795,44.0160026550293,-36.012001037597656,46.546875,0.0
773,197888000,11.61296558380127,60.006004333496094,-48.00800323486328,45.98828125,0.0
774,198144000,11.297778129577637,65.99400329589844,-55.98400115966797,46.1640625,0.0
775,198400000,12.199898719787598,60.012001037597656,-40.02400207519531,46.48828125,0.0
776,198656000,12.87795352935791,71.98600006103516,-63.98200225830078,46.22265625,0.0
777,198912000,11.92631721496582,57.99200439453125,-46.000003814697266,46.32421875,0.0
778,199168000,12.459199905395508,50.02400207519531,-46.00600051879883,45.39453125,0.0
779,199424000,10.72360610961914,73.96400451660156,-51.93600082397461,45.71875,0.0
780,199680000,11.67136001586914,38.022003173828125,11.952000617980957,45.640625,0.0
781,199936000,11.155824661254883,60.02800369262695,-36.02400207519531,45.703125,0.0
782,200192000,10.731156349182129,87.97400665283203,-59.970001220703125,45.60546875,0.0
783,200448000,11.418203353881836,62.00400161743164,-30.00800132751465,45.74609375,0.0
784,200704000,11.65269947052002,65.98800659179688,-37.996002197265625,46.19140625,0.0
785,200960000,12.007476806640625,54.02800369262695,-33.992000579833984,46.28515625,0.0
786,201216000,11.672778129577637,81.98200225830078,-26.018001556396484,47.27734375,0.0
787,201472000,12.574848175048828,63.952003479003906,-43.94600296020508,46.50390625,0.0
788,201728000,13.202961921691895,16.058000564575195,9.946000099182129,46.71484375,0.0
789,201984000,13.038895606994629,74.0,-43.980003356933594,46.85546875,0.0
790,202240000,12.871648788452148,73.97600555419922,-23.990001678466797,47.00390625,0.0
791,202496000,13.426336288452148,50.01000213623047,-14.040000915527344,46.9140625,0.0
792,202752000,13.979547500610352,60.00400161743164,-53.99400329589844,46.85546875,0.0
793,203008000,13.057629585266113,64.0,-47.974002838134766,46.33984375,0.0
794,203264000,12.092890739440918,64.0,-22.012001037597656,45.98828125,0.0
795,203520000,11.2350435256958,63.98800277709961,-33.974002838134766,46.05859375,0.0
796,203776000,11.902481079101562,52.0160026550293,-8.034000396728516,45.97265625,0.0
797,204032000,12.039895057678223,68.01399993896484,-42.05400085449219,46.484375,0.0
798,204288000,12.870144844055176,81.98400115966797,-95.97000122070312,45.921875,0.0
799,204544000,11.921317100524902,66.0040054321289,-65.97200012207031,45.87109375,0.0
800,204800000,11.363450050354004,69.98200225830078,-37.98800277709961,45.83203125,0.0
801,205056000,11.531133651733398,52.01400375366211,-26.02800178527832,45.29296875,0.0
802,205312000,11.41421890258789,65.98600006103516,-54.00800323486328,46.15625,0.0
803,205568000,11.570422172546387,51.996002197265625,-61.96200180053711,45.6171875,0.0
804,205824000,11.680328369140625,48.0260009765625,-24.052001953125,46.44921875,0.0
805,206080000,12.319231033325195,73.98200225830078,-75.96400451660156,46.00390625,0.0
806,206336000,11.239477157592773,55.99800109863281,-40.0160026550293,46.171875,0.0
807,206592000,12.43310260772705,54.03200149536133,-56.03600311279297,46.09375,0.0
808,206848000,11.942500114440918,85.9800033569336,-91.97200775146484,47.1484375,0.0
809,207104000,13.034043312072754,65.97000122070312,-63.958003997802734,45.92578125,0.0
810,207360000,11.922051429748535,36.012001037597656,-21.98000144958496,46.07421875,0.0
811,207616000,12.098567008972168,48.034000396728516,-2.0940001010894775,46.61328125,0.0
812,207872000,13.008160591125488,81.94400024414062,-95.88400268554688,46.83984375,0.0
813,208128000,13.35569953918457,26.04400062561035,19.944000244140625,46.765625,0.0
814,208384000,13.586699485778809,69.98800659179688,-36.02400207519531,47.46875,0.0
815,208640000,14.345773696899414,57.98800277709961,-59.948001861572266,46.33203125,0.0
816,208896000,12.465536117553711,46.034000396728516,-8.042000770568848,46.72265625,0.0
817,209152000,13.154313087463379,79.96000671386719,-49.96800231933594,45.76953125,0.0
818,209408000,11.218816757202148,40.066001892089844,-18.112001419067383,45.296875,0.0
819,209664000,11.286980628967285,105.96600341796875,-129.94400024414062,46.46875,0.0
820,209920000,13.110254287719727,71.99400329589844,-73.96800231933594,47.0390625,0.0
821,210176000,13.987997055053711,65.98400115966797,-42.000003814697266,47.19921875,0.0
822,210432000,13.702949523925781,50.02800369262695,-42.03200149536133,46.43359375,0.0
823,210688000,13.526840209960938,77.96800231933594,-73.93400573730469,46.69921875,0.0
824,210944000,13.023067474365234,46.02400207519531,-8.054000854492188,46.46484375,0.0
825,211200000,12.652730941772461,69.97400665283203,-61.952003479003906,46.921875,0.0
826,211456000,13.039453506469727,44.012001037597656,-14.020000457763672,46.92578125,0.0
827,211712000,13.42824649810791,56.00800323486328,-34.00600051879883,46.60546875,0.0
828,211968000,11.989055633544922,63.99200439453125,-39.9900016784668,46.8984375,0.0
829,212224000,12.760793685913086,56.02000427246094,-30.0260009765625,46.27734375,0.0
830,212480000,11.836227416992188,75.97400665283203,-55.95600128173828,46.5234375,0.0
831,212736000,12.123700141906738,50.02800369262695,-12.04800033569336,45.83203125,0.0
832,212992000,10.823801040649414,77.96800231933594,-59.94000244140625,45.640625,0.0
833,213248000,10.408164978027344,46.01000213623047,-0.024000000208616257,46.5546875,0.0
834,213504000,12.318899154663086,56.000003814697266,-24.034000396728516,45.92578125,0.0
835,213760000,10.906211853027344,56.00800323486328,-57.98200225830078,45.98828125,0.0
836,214016000,10.86929702758789,63.97600173950195,-39.97600173950195,47.28125,0.0
837,214272000,12.975160598754883,40.03200149536133,-16.036001205444336,45.796875,0.0
838,214528000,11.573074340820312,71.98200225830078,-51.996002197265625,44.9765625,0.0
839,214784000,10.43042278289795,54.018001556396484,-48.05600357055664,46.0625,0.0
840,215040000,11.164695739746094,71.99000549316406,-103.91800689697266,46.59375,0.0
841,215296000,11.796789169311523,62.00800323486328,-22.054000854492188,46.2578125,0.0
842,215552000,11.711484909057617,69.99400329589844,-75.98600006103516,46.06640625,0.0
843,215808000,12.256481170654297,63.98800277709961,-61.952003479003906,45.765625,0.0
844,216064000,10.926438331604004,51.992000579833984,-14.004000663757324,46.1875,0.0
845,216320000,11.582839965820312,44.00200271606445,-18.013999938964844,46.27734375,0.0
846,216576000,12.390911102294922,46.01000213623047,-31.994001388549805,46.87890625,0.0
847,216832000,12.675864219665527,56.01000213623047,-26.02800178527832,46.51953125,0.0
848,217088000,12.75878620147705,65.99000549316406,-53.952003479003906,47.10546875,0.0
849,217344000,13.729618072509766,56.012001037597656,-6.056000232696533,46.41796875,0.0
850,217600000,12.877988815307617,68.0060043334961,-62.006004333496094,46.00390625,0.0
851,217856000,11.962804794311523,73.96800231933594,-67.94000244140625,47.6640625,0.0
852,218112000,13.828031539916992,41.996002197265625,-8.008000373840332,47.23828125,0.0
853,218368000,13.734082221984863,38.02800369262695,-16.022001266479492,47.27734375,0.0
854,218624000,13.441442489624023,65.97000122070312,-38.0,47.16796875,0.0
855,218880000,13.47491455078125,36.013999938964844,-37.96600341796875,46.4921875,0.0
856,219136000,11.829391479492188,50.02000427246094,-4.058000087738037,47.24609375,0.0
857,219392000,13.093289375305176,69.9780044555664,-61.948001861572266,46.62109375,0.0
858,219648000,12.632789611816406,47.996002197265625,-9.972000122070312,46.37890625,0.0
859,219904000,12.609508514404297,44.012001037597656,17.96200180053711,46.49609375,0.0
860,220160000,12.74234390258789,56.01000213623047,-20.018001556396484,46.51171875,0.0
861,220416000,12.89846134185791,65.98600006103516,-37.996002197265625,46.61328125,0.0
862,220672000,12.922390937805176,52.01000213623047,-33.996002197265625,46.578125,0.0
863,220928000,13.436992645263672,62.006004333496094,-29.988000869750977,46.8515625,0.0
864,221184000,12.930676460266113,67.97400665283203,-17.972000122070312,47.7734375,0.0
865,221440000,13.917508125305176,42.02800369262695,9.932000160217285,47.0390625,0.0
866,221696000,13.457703590393066,69.98600006103516,-57.96800231933594,47.47265625,0.0
867,221952000,14.127434730529785,56.018001556396484,-26.040000915527344,46.65234375,0.0
868,222208000,12.656933784484863,73.97400665283203,-65.9280014038086,47.16796875,0.0
869,222464000,13.338985443115234,48.00600051879883,5.960000514984131,46.16015625,0.0
870,222720000,12.482406616210938,54.000003814697266,-33.96000289916992,47.33984375,0.0
871,222976000,14.415645599365234,53.98400115966797,5.988000392913818,46.42578125,0.0
872,223232000,12.093734741210938,38.02400207519531,-6.0420002937316895,46.296875,0.0
873,223488000,12.079035758972168,61.98600387573242,-47.96600341796875,46.6640625,0.0
874,223744000,12.988614082336426,47.980003356933594,-13.99000072479248,46.5,0.0
875,224000000,13.321098327636719,28.012001037597656,-4.004000186920166,47.40234375,0.0
876,224256000,14.104649543762207,39.99800109863281,-8.018000602722168,46.70703125,0.0
877,224512000,13.284305572509766,38.02800369262695,-26.032001495361328,46.3984375,0.0
878,224768000,12.433738708496094,66.0060043334961,-58.006004333496094,46.359375,0.0
879,225024000,12.576726913452148,71.9800033569336,-63.96400451660156,45.1484375,0.0
880,225280000,11.18403148651123,51.996002197265625,-27.98600196838379,47.7734375,0.0
881,225536000,15.522454261779785,48.000003814697266,-13.996000289916992,47.25,0.0
882,225792000,14.538797378540039,48.0160026550293,-10.018000602722168,47.58203125,0.0
883,226048000,14.273457527160645,63.97200393676758,-27.966001510620117,47.4609375,0.0
884,226304000,14.29141902923584,36.00800323486328,5.970000267028809,46.25,0.0
885,226560000,12.741273880004883,43.99400329589844,-24.000001907348633,46.7265625,0.0
886,226816000,11.82912540435791,38.034000396728516,-24.0260009765625,46.58203125,0.0
887,227072000,12.827274322509766,71.98600006103516,-49.97200393676758,45.9453125,0.0
888,227328000,11.978449821472168,57.98800277709961,-22.010000228881836,47.4453125,0.0
889,227584000,13.862950325012207,46.03200149536133,-32.02799987792969,46.8984375,0.0
890,227840000,13.529937744140625,77.98600006103516,-59.98600387573242,46.62890625,0.0
891,228096000,12.219481468200684,63.97200393676758,-45.974002838134766,46.46484375,0.0
892,228352000,12.949359893798828,36.012001037597656,-20.016000747680664,46.3984375,0.0
893,228608000,13.08930492401123,48.03600311279297,-36.03600311279297,46.55859375,0.0
894,228864000,12.550758361816406,83.9540023803711,-71.92000579833984,45.91015625,0.0
895,229120000,12.527668952941895,38.0260009765625,7.942000389099121,46.52734375,0.0
896,229376000,12.852641105651855,63.98400115966797,-49.95600128173828,47.1015625,0.0
897,229632000,13.929019927978516,47.9900016784668,-5.970000267028809,46.9140625,0.0
898,229888000,13.261449813842773,37.9900016784668,24.00200080871582,46.4296875,0.0
899,230144000,12.991570472717285,28.0260009765625,25.93800163269043,46.125,0.0
900,230400000,12.377168655395508,53.99800109863281,-35.97200012207031,47.94921875,0.0
901,230656000,14.540075302124023,51.99400329589844,-8.03600025177002,46.2734375,0.0
902,230912000,11.649273872375488,45.99400329589844,-43.96600341796875,46.41015625,0.0
903,231168000,12.483297348022461,40.034000396728516,-10.064000129699707,45.90234375,0.0
904,231424000,11.40711784362793,73.98400115966797,-73.9780044555664,46.30859375,0.0
905,231680000,12.274039268493652,58.006004333496094,-51.974002838134766,47.234375,0.0
906,231936000,12.874063491821289,63.98200225830078,-25.992000579833984,45.98046875,0.0
907,232192000,11.937227249145508,45.992000579833984,-17.98200035095215,46.203125,0.0
908,232448000,11.66441822052002,38.013999938964844,-0.026000000536441803,46.359375,0.0
909,232704000,12.019989013671875,52.006004333496094,-26.014001846313477,46.46875,0.0
910,232960000,12.47411823272705,58.018001556396484,-40.01400375366211,45.45703125,0.0
911,233216000,10.032699584960938,75.99600219726562,-54.02400207519531,45.6796875,0.0
912,233472000,11.480875968933105,71.99200439453125,-77.97600555419922,45.54296875,0.0
913,233728000,11.887375831604004,64.01200103759766,-54.0160026550293,47.04296875,0.0
914,233984000,12.541719436645508,75.99600219726562,-69.96600341796875,45.42578125,0.0
915,234240000,11.29396915435791,71.9800033569336,-36.00200271606445,45.99609375,0.0
916,234496000,12.292805671691895,52.01000213623047,-38.00600051879883,46.25,0.0
917,234752000,12.129899024963379,62.00200271606445,-43.980003356933594,47.10546875,0.0
918,235008000,13.120394706726074,64.01000213623047,-24.04400062561035,46.37109375,0.0
919,235264000,12.421582221984863,73.97600555419922,-67.96200561523438,46.0546875,0.0
920,235520000,12.12934398651123,50.00600051879883,-30.018001556396484,46.3125,0.0
921,235776000,12.56727409362793,56.006004333496094,-48.00400161743164,47.4609375,0.0
922,236032000,13.432519912719727,61.98800277709961,-51.96800231933594,46.515625,0.0
923,236288000,12.359746932983398,50.03600311279297,-20.084001541137695,46.640625,0.0
924,236544000,12.729969024658203,86.0040054321289,-103.9540023803711,46.04296875,0.0
925,236800000,12.229778289794922,89.9800033569336,-58.0160026550293,45.8046875,0.0
926,237056000,11.53978157043457,69.98800659179688,-73.94400024414062,46.3203125,0.0
927,237312000,12.25767993927002,58.02800369262695,-18.05000114440918,46.3203125,0.0
928,237568000,12.12481689453125,85.96800231933594,-67.97400665283203,45.8125,0.0
929,237824000,11.9423246383667,54.012001037597656,-42.01000213623047,46.62890625,0.0
930,238080000,12.859211921691895,65.98400115966797,-51.922000885009766,46.7578125,0.0
931,238336000,12.69515323638916,50.00400161743164,25.952001571655273,47.1484375,0.0
932,238592000,12.535606384277344,54.000003814697266,-21.998001098632812,46.7421875,0.0
933,238848000,12.983528137207031,54.000003814697266,-20.030000686645508,46.56640625,0.0
934,239104000,12.137105941772461,53.99200439453125,-49.958003997802734,46.7265625,0.0
935,239360000,12.521590232849121,46.018001556396484,-8.028000831604004,44.9765625,0.0
936,239616000,10.676379203796387,64.02200317382812,-36.03600311279297,46.09765625,0.0
937,239872000,11.275019645690918,85.98600769042969,-71.98200225830078,46.3515625,0.0
938,240128000,12.854692459106445,71.98200225830078,-53.97200393676758,45.95703125,0.0
939,240384000,12.079238891601562,53.996002197265625,-26.018001556396484,47.32421875,0.0
940,240640000,13.18991470336914,50.00200271606445,-43.96600341796875,46.421875,0.0
941,240896000,11.700164794921875,51.98200225830078,-10.008000373840332,46.28515625,0.0
942,241152000,12.644020080566406,34.040000915527344,-18.05000114440918,45.734375,0.0
943,241408000,12.131266593933105,73.99000549316406,-67.98400115966797,45.53125,0.0
944,241664000,10.588324546813965,63.98400115966797,-51.954002380371094,46.45703125,0.0
945,241920000,12.970020294189453,48.02000045776367,-6.058000087738037,45.23828125,0.0
946,242176000,10.3363676071167,67.98200225830078,-63.94000244140625,45.21875,0.0
947,242432000,10.76511001586914,50.022003173828125,-4.072000026702881,45.375,0.0
948,242688000,10.250152587890625,71.97200012207031,-75.94800567626953,45.796875,0.0
949,242944000,10.403629302978516,44.00600051879883,-23.97800064086914,45.94921875,0.0
950,243200000,11.687078475952148,49.996002197265625,-1.9940000772476196,46.39453125,0.0
951,243456000,11.265950202941895,46.018001556396484,3.954000234603882,46.0234375,0.0
952,243712000,11.591324806213379,64.0060043334961,-41.98800277709961,47.3125,0.0
953,243968000,13.070028305053711,69.97600555419922,-29.98600196838379,46.5625,0.0
954,244224000,12.785109519958496,46.000003814697266,-15.986001014709473,46.30078125,0.0
955,244480000,12.73727035522461,46.00200271606445,-2.0160000324249268,46.3828125,0.0
956,244736000,11.726981163024902,48.00800323486328,-17.992000579833984,45.96875,0.0
957,244992000,12.144402503967285,55.98400115966797,-9.994000434875488,46.359375,0.0
958,245248000,12.016636848449707,40.038002014160156,-4.060000419616699,47.31640625,0.0
959,245504000,13.027223587036133,77.99800109863281,-64.02000427246094,47.2109375,0.0
960,245760000,12.906562805175781,75.97600555419922,-83.9520034790039,46.76953125,0.0
961,246016000,13.219305038452148,51.980003356933594,-35.970001220703125,47.2109375,0.0
962,246272000,13.772782325744629,32.044002532958984,-6.084000110626221,46.9453125,0.0
963,246528000,13.117149353027344,75.97400665283203,-89.91800689697266,47.0078125,0.0
964,246784000,13.078473091125488,50.012001037597656,-8.026000022888184,47.13671875,0.0
965,247040000,13.427156448364258,62.006004333496094,-34.02400207519531,47.52734375,0.0
966,247296000,14.799468994140625,67.98200225830078,-57.94600296020508,47.15625,0.0
967,247552000,13.487809181213379,50.00200271606445,-4.01200008392334,47.1953125,0.0
968,247808000,13.014012336730957,51.99800109863281,-15.99000072479248,45.89453125,0.0
969,248064000,11.403910636901855,50.00600051879883,-6.008000373840332,46.9140625,0.0
970,248320000,12.967817306518555,55.9900016784668,-14.016000747680664,46.31640625,0.0
971,248576000,12.034309387207031,46.0260009765625,-30.030000686645508,45.2734375,0.0
972,248832000,11.188785552978516,71.98400115966797,-59.95000457763672,46.3203125,0.0
973,249088000,12.472683906555176,56.02000427246094,-10.022000312805176,46.34765625,0.0
974,249344000,12.499281883239746,75.97200012207031,-31.974000930786133,45.7421875,0.0
975,249600000,11.780621528625488,48.01400375366211,-6.0360002517700195,45.6484375,0.0
976,249856000,11.154067039489746,61.99400329589844,-41.95800018310547,46.5859375,0.0
977,250112000,12.874059677124023,55.98400115966797,-0.006000000052154064,46.4921875,0.0
978,250368000,11.934985160827637,40.00800323486328,-6.028000354766846,46.16015625,0.0
979,250624000,13.324691772460938,48.012001037597656,-33.99800109863281,47.42578125,0.0
980,250880000,13.79663372039795,59.9900016784668,-31.968002319335938,47.0546875,0.0
981,251136000,13.554340362548828,50.000003814697266,-0.020000001415610313,46.83203125,0.0
982,251392000,13.207590103149414,50.00200271606445,-19.988000869750977,46.9765625,0.0
983,251648000,13.764785766601562,52.006004333496094,-8.02400016784668,46.99609375,0.0
984,251904000,12.92439079284668,57.996002197265625,-31.98400115966797,45.890625,0.0
985,252160000,11.535383224487305,53.98800277709961,-15.982000350952148,45.9296875,0.0
986,252416000,11.76202392578125,42.00800323486328,1.9660000801086426,46.265625,0.0
987,252672000,12.066226959228516,50.02800369262695,-32.03000259399414,45.76171875,0.0
988,252928000,11.889023780822754,77.99400329589844,-61.996002197265625,47.6015625,0.0
989,253184000,14.19080924987793,71.9780044555664,-57.96600341796875,47.30859375,0.0
990,253440000,13.593859672546387,50.00600051879883,-24.000001907348633,46.90625,0.0
991,253696000,13.702876091003418,56.000003814697266,-24.020000457763672,47.23828125,0.0
992,253952000,13.45378589630127,56.012001037597656,-43.98200225830078,47.69921875,0.0
993,254208000,14.11428165435791,67.9780044555664,-25.98400115966797,48.12109375,0.0
994,254464000,15.11281681060791,46.00400161743164,-10.018000602722168,47.46484375,0.0
995,254720000,14.648578643798828,50.012001037597656,-28.000001907348633,48.296875,0.0
996,254976000,14.78736400604248,61.97600173950195,-27.950000762939453,47.03515625,0.0
997,255232000,13.089468955993652,38.00800323486328,21.966001510620117,46.18359375,0.0
998,255488000,12.714962005615234,46.0160026550293,-12.008000373840332,46.65234375,0.0
999,255744000,12.832144737243652,62.0160026550293,-20.052000045776367,46.421875,0.0
1000,256000000,12.9425630569458,77.97400665283203,-71.97000122070312,45.69921875,0.0
1001,256256000,10.196812629699707,52.0160026550293,-42.03200149536133,45.96484375,0.0
1002,256512000,11.696480751037598,67.99400329589844,-73.97600555419922,46.71875,0.0
1003,256768000,12.861668586730957,62.01000213623047,-50.012001037597656,45.55859375,0.0
1004,257024000,11.250031471252441,71.99000549316406,-61.970001220703125,46.29296875,0.0
1005,257280000,11.283746719360352,61.99200439453125,-31.954002380371094,47.296875,0.0
1006,257536000,13.775863647460938,54.02800369262695,13.918000221252441,46.74609375,0.0
1007,257792000,12.29694938659668,81.98200225830078,-67.97600555419922,46.57421875,0.0
1008,258048000,12.370457649230957,63.97600173950195,-43.952003479003906,46.42578125,0.0
1009,258304000,11.734063148498535,40.00400161743164,3.9900002479553223,46.51171875,0.0
1010,258560000,11.419934272766113,44.034000396728516,-6.050000190734863,45.12890625,0.0
1011,258816000,9.481402397155762,77.96400451660156,-55.98800277709961,45.46875,0.0
1012,259072000,10.413445472717285,42.02400207519531,-44.00400161743164,45.58203125,0.0
1013,259328000,9.79836368560791,65.9800033569336,-47.97200393676758,45.87890625,0.0
1014,259584000,11.28518009185791,46.03200149536133,-20.02400016784668,45.8828125,0.0
1015,259840000,11.310317039489746,77.96800231933594,-43.952003479003906,46.83984375,0.0
1016,260096000,13.029836654663086,46.02400207519531,3.952000141143799,46.5546875,0.0
1017,260352000,11.616926193237305,69.99200439453125,-44.012001037597656,45.79296875,0.0
1018,260608000,11.3565673828125,62.00400161743164,-55.98400115966797,46.62890625,0.0
1019,260864000,12.452512741088867,66.0060043334961,-39.9900016784668,46.84375,0.0
1020,261120000,11.840739250183105,71.98800659179688,-29.990001678466797,46.6796875,0.0
1021,261376000,12.734816551208496,59.98800277709961,-20.012001037597656,47.1796875,0.0
1022,261632000,13.175247192382812,47.97800064086914,-31.968002319335938,46.8984375,0.0
1023,261888000,12.641094207763672,26.034000396728516,0.006000000052154064,47.53125,0.0
1024,262144000,13.1105318069458,60.000003814697266,5.988000392913818,47.4609375,0.0
1025,262400000,14.264204025268555,59.99400329589844,-6.016000270843506,46.19921875,0.0
1026,262656000,12.843688011169434,53.980003356933594,-21.97800064086914,46.66796875,0.0
1027,262912000,12.781379699707031,34.038002014160156,-0.06000000238418579,46.390625,0.0
1028,263168000,12.910508155822754,71.99800109863281,-59.96600341796875,47.12890625,0.0
1029,263424000,13.260562896728516,69.97600555419922,-25.992000579833984,46.015625,0.0
1030,263680000,12.105371475219727,46.0260009765625,-18.07400131225586,46.25,0.0
1031,263936000,12.008176803588867,71.98200225830078,-91.91400146484375,46.70703125,0.0
1032,264192000,12.372200012207031,54.018001556396484,-6.062000274658203,47.13671875,0.0
1033,264448000,13.475844383239746,71.9540023803711,-67.91400146484375,46.609375,0.0
1034,264704000,12.759125709533691,26.04400062561035,17.91200065612793,47.25390625,0.0
1035,264960000,14.069313049316406,69.9800033569336,-69.9520034790039,47.1484375,0.0
1036,265216000,13.06948471069336,50.01400375366211,-22.016000747680664,46.7734375,0.0
1037,265472000,12.243610382080078,63.98400115966797,-37.9900016784668,47.2578125,0.0
1038,265728000,13.66251277923584,48.01000213623047,-28.00400161743164,46.70703125,0.0
1039,265984000,12.11409854888916,57.978004455566406,-31.94000244140625,47.08203125,0.0
1040,266240000,12.928918838500977,36.012001037597656,27.970001220703125,47.09375,0.0
1041,266496000,12.158804893493652,47.99800109863281,-2.004000186920166,45.203125,0.0
1042,266752000,10.808758735656738,46.02800369262695,-6.050000190734863,46.0234375,0.0
1043,267008000,10.975090026855469,73.99200439453125,-55.99200439453125,47.95703125,0.0
1044,267264000,13.406601905822754,66.00200653076172,-48.012001037597656,47.59765625,0.0
1045,267520000,13.757450103759766,67.99000549316406,-59.980003356933594,46.92578125,0.0
1046,267776000,13.393363952636719,58.044002532958984,-40.06800079345703,46.27734375,0.0
1047,268032000,12.226066589355469,101.96600341796875,-107.95000457763672,45.76171875,0.0
1048,268288000,11.731586456298828,67.97600555419922,-57.954002380371094,46.6171875,0.0
1049,268544000,12.846535682678223,43.99800109863281,-12.010000228881836,46.4921875,0.0
1050,268800000,11.727039337158203,41.98600387573242,-21.9320011138916,46.6953125,0.0
1051,269056000,12.201691627502441,28.038002014160156,45.94200134277344,45.921875,0.0
1052,269312000,10.771461486816406,65.97000122070312,-11.958000183105469,46.8828125,0.0
1053,269568000,12.69823932647705,36.034000396728516,29.900001525878906,46.02734375,0.0
1054,269824000,11.718742370605469,70.00200653076172,-70.01399993896484,46.19921875,0.0
1055,270080000,11.711352348327637,72.01000213623047,-83.98200225830078,46.4609375,0.0
1056,270336000,12.125765800476074,81.97400665283203,-65.97200012207031,46.6328125,0.0
1057,270592000,12.8917818069458,56.012001037597656,-37.98200225830078,47.78515625,0.0
1058,270848000,14.045562744140625,67.9780044555664,-19.992000579833984,46.36328125,0.0
1059,271104000,12.73629379272461,46.038002014160156,-12.040000915527344,47.30078125,0.0
1060,271360000,14.65208625793457,83.9520034790039,-51.9160041809082,47.8046875,0.0
1061,271616000,14.392614364624023,36.04600143432617,31.894001007080078,46.578125,0.0
1062,271872000,12.476344108581543,81.95000457763672,-73.89800262451172,45.99609375,0.0
1063,272128000,12.258672714233398,32.034000396728516,27.922000885009766,46.72265625,0.0
1064,272384000,13.116168975830078,66.00800323486328,-50.01400375366211,46.2890625,0.0
1065,272640000,12.09936809539795,73.98600006103516,-63.954002380371094,47.05078125,0.0
1066,272896000,13.80833625793457,59.98400115966797,-18.018001556396484,46.78125,0.0
1067,273152000,13.550480842590332,44.02000045776367,-36.00800323486328,47.32421875,0.0
1068,273408000,13.249926567077637,63.98400115966797,-43.996002197265625,46.8359375,0.0
1069,273664000,13.175719261169434,48.02000045776367,-40.038002014160156,47.74609375,0.0
1070,273920000,13.113571166992188,67.96200561523438,-77.9260025024414,47.3515625,0.0
1071,274176000,13.401446342468262,30.022001266479492,-4.01800012588501,47.1640625,0.0
1072,274432000,12.503113746643066,51.992000579833984,-21.972000122070312,45.87109375,0.0
1073,274688000,11.710375785827637,44.01400375366211,5.968000411987305,45.96484375,0.0
1074,274944000,11.149415016174316,58.006004333496094,-26.022001266479492,46.5859375,0.0
1075,275200000,12.125821113586426,63.98400115966797,-47.94200134277344,46.796875,0.0
1076,275456000,12.945149421691895,48.000003814697266,9.980000495910645,46.3515625,0.0
1077,275712000,12.782121658325195,48.00800323486328,-10.010000228881836,47.21484375,0.0
1078,275968000,13.652462005615234,55.9900016784668,-20.00400161743164,46.9296875,0.0
1079,276224000,13.768461227416992,46.040000915527344,-24.080001831054688,47.0078125,0.0
1080,276480000,12.699625968933105,85.9580078125,-103.91200256347656,46.75,0.0
1081,276736000,13.10489559173584,44.00400161743164,-16.027999877929688,46.66015625,0.0
1082,276992000,12.531031608581543,48.02400207519531,-43.99800109863281,45.90234375,0.0
1083,277248000,12.311640739440918,71.98600006103516,-41.96600341796875,46.1796875,0.0
1084,277504000,11.453558921813965,58.01000213623047,-8.042000770568848,46.4765625,0.0
1085,277760000,11.88627815246582,67.99000549316406,-49.96800231933594,45.76953125,0.0
1086,278016000,11.446367263793945,57.9900016784668,-17.98400115966797,46.3828125,0.0
1087,278272000,12.498137474060059,48.00800323486328,-2.0260000228881836,46.2421875,0.0
1088,278528000,10.637609481811523,55.9900016784668,-28.012001037597656,45.60546875,0.0
1089,278784000,11.529223442077637,46.00800323486328,-39.99800109863281,47.2578125,0.0
1090,279040000,13.40432071685791,54.01000213623047,-37.99400329589844,46.359375,0.0
1091,279296000,11.477090835571289,64.01200103759766,-32.00400161743164,46.20703125,0.0
1092,279552000,12.003859519958496,75.98400115966797,-36.040000915527344,45.72265625,0.0
1093,279808000,11.957047462463379,59.996002197265625,-75.9280014038086,46.81640625,0.0
1094,280064000,11.973848342895508,56.01400375366211,-4.064000129699707,46.48828125,0.0
1095,280320000,13.161887168884277,70.0040054321289,-67.96800231933594,46.1328125,0.0
1096,280576000,10.989911079406738,73.96600341796875,-35.95600128173828,46.578125,0.0
1097,280832000,12.616860389709473,40.018001556396484,7.964000225067139,45.94140625,0.0
1098,281088000,12.28987979888916,57.98600387573242,-28.012001037597656,47.12109375,0.0
1099,281344000,13.105262756347656,44.022003173828125,-40.00800323486328,46.25390625,0.0
1100,281600000,12.898887634277344,65.99200439453125,-48.000003814697266,47.1171875,0.0
1101,281856000,13.349075317382812,58.01400375366211,-48.00200271606445,48.19921875,0.0
1102,282112000,14.765543937683105,71.9800033569336,-49.974002838134766,47.7734375,0.0
1103,282368000,14.682188034057617,52.000003814697266,-23.98400115966797,46.94140625,0.0
1104,282624000,13.277786254882812,52.018001556396484,-8.058000564575195,47.50390625,0.0
1105,282880000,13.719403266906738,69.97600555419922,-65.94000244140625,47.78515625,0.0
1106,283136000,14.370399475097656,46.034000396728516,-6.038000106811523,47.0078125,0.0
1107,283392000,13.675661087036133,79.99600219726562,-44.02000045776367,47.1875,0.0
1108,283648000,13.553184509277344,75.95800018310547,-63.936004638671875,45.7265625,0.0
1109,283904000,12.051824569702148,34.02799987792969,-0.04200000315904617,46.58984375,0.0
1110,284160000,13.093602180480957,61.99400329589844,-41.99400329589844,47.5546875,0.0
1111,284416000,12.946914672851562,55.996002197265625,-35.980003356933594,47.203125,0.0
1112,284672000,14.545141220092773,51.97600173950195,-15.99000072479248,46.5,0.0
1113,284928000,12.812434196472168,28.034000396728516,-6.022000312805176,46.7109375,0.0
1114,285184000,12.744867324829102,62.01400375366211,-28.034000396728516,46.03515625,0.0
1115,285440000,11.521336555480957,75.99000549316406,-61.980003356933594,46.828125,0.0
1116,285696000,13.324289321899414,65.98800659179688,-41.992000579833984,46.66796875,0.0
1117,285952000,13.394614219665527,53.996002197265625,-33.93600082397461,47.1484375,0.0
1118,286208000,13.476407051086426,50.00400161743164,29.9580020904541,46.875,0.0
1119,286464000,13.320965766906738,53.99800109863281,-12.02400016784668,47.1953125,0.0
1120,286720000,13.971399307250977,51.98400115966797,-35.96000289916992,46.8828125,0.0
1121,286976000,12.71579360961914,36.0160026550293,3.9560000896453857,47.8046875,0.0
1122,287232000,13.663985252380371,52.00800323486328,-39.980003356933594,47.18359375,0.0
1123,287488000,13.585942268371582,59.99200439453125,-19.988000869750977,47.2578125,0.0
1124,287744000,13.588851928710938,51.98400115966797,-8.0,46.94140625,0.0
1125,288000000,12.59752368927002,36.04600143432617,-8.088000297546387,46.59375,0.0
1126,288256000,12.46486759185791,81.94200134277344,-95.88200378417969,46.19140625,0.0
1127,288512000,12.487257957458496,24.020000457763672,21.940000534057617,45.97265625,0.0
1128,288768000,11.465277671813965,44.012001037597656,-38.0,46.5,0.0
1129,289024000,11.899700164794922,56.00800323486328,-37.97800064086914,47.046875,0.0
1130,289280000,13.157543182373047,64.01200103759766,-16.06599998474121,45.53125,0.0
1131,289536000,10.548738479614258,76.0,-82.00200653076172,46.546875,0.0
1132,289792000,12.409132957458496,75.97200012207031,-83.93400573730469,45.73046875,0.0
1133,290048000,11.387426376342773,48.01000213623047,-18.006000518798828,46.54296875,0.0
1134,290304000,12.09412956237793,57.99200439453125,-24.016000747680664,46.57421875,0.0
1135,290560000,12.472500801086426,49.99800109863281,-39.970001220703125,46.01953125,0.0
1136,290816000,12.31666088104248,48.01400375366211,-10.022000312805176,46.30859375,0.0
1137,291072000,12.569676399230957,61.99200439453125,-31.97800064086914,46.41796875,0.0
1138,291328000,11.93423080444336,54.000003814697266,-10.004000663757324,46.38671875,0.0
1139,291584000,12.569793701171875,54.00400161743164,-14.040000915527344,45.734375,0.0
1140,291840000,12.05113697052002,58.006004333496094,-53.98600387573242,47.1640625,0.0
1141,292096000,12.406739234924316,64.01399993896484,-40.02000045776367,46.76171875,0.0
1142,292352000,12.895035743713379,77.9780044555664,-59.974002838134766,47.03515625,0.0
1143,292608000,13.398356437683105,56.006004333496094,-34.0,46.4375,0.0
1144,292864000,13.315863609313965,61.99800109863281,-34.00200271606445,46.5390625,0.0
1145,293120000,12.772414207458496,60.00200271606445,-35.98800277709961,46.5078125,0.0
1146,293376000,11.749958038330078,61.974002838134766,-23.964000701904297,46.22265625,0.0
1147,293632000,11.709304809570312,36.00400161743164,11.960000991821289,47.11328125,0.0
1148,293888000,13.979715347290039,40.03600311279297,-28.034000396728516,46.921875,0.0
1149,294144000,13.224860191345215,75.98600006103516,-61.98600387573242,46.26171875,0.0
1150,294400000,11.524352073669434,62.000003814697266,-47.98200225830078,46.3046875,0.0
1151,294656000,12.437773704528809,61.980003356933594,-29.968002319335938,46.9765625,0.0
1152,294912000,12.710489273071289,42.04800033569336,1.9060001373291016,46.4609375,0.0
1153,295168000,12.261930465698242,89.96200561523438,-91.93600463867188,46.87890625,0.0
1154,295424000,12.473179817199707,52.000003814697266,-28.00200080871582,46.76171875,0.0
1155,295680000,12.994868278503418,52.00800323486328,-30.014001846313477,46.5859375,0.0
1156,295936000,11.771390914916992,59.9900016784668,-43.98200225830078,47.328125,0.0
1157,296192000,13.628145217895508,50.00400161743164,-26.020000457763672,46.4921875,0.0
1158,296448000,12.865520477294922,54.0160026550293,-46.012001037597656,46.40625,0.0
1159,296704000,11.201035499572754,69.96400451660156,-57.952003479003906,46.84765625,0.0
1160,296960000,13.015024185180664,34.013999938964844,-10.020000457763672,46.08203125,0.0
1161,297216000,12.414227485656738,48.022003173828125,-30.04400062561035,46.7109375,0.0
1162,297472000,12.577672004699707,69.98200225830078,-73.96800231933594,46.140625,0.0
1163,297728000,12.12546157836914,52.006004333496094,-41.980003356933594,46.234375,0.0
1164,297984000,12.587332725524902,57.98200225830078,-21.966001510620117,47.53125,0.0
1165,298240000,13.97989559173584,40.00800323486328,11.94800090789795,46.515625,0.0
1166,298496000,13.404825210571289,48.00800323486328,-39.99800109863281,46.2265625,0.0
1167,298752000,11.981379508972168,56.018001556396484,-38.022003173828125,46.76171875,0.0
1168,299008000,12.891140937805176,73.99000549316406,-60.000003814697266,46.30859375,0.0
1169,299264000,13.40511417388916,63.99400329589844,-59.97600173950195,46.4765625,0.0
1170,299520000,12.268309593200684,58.000003814697266,-35.980003356933594,45.87890625,0.0
1171,299776000,11.049153327941895,58.012001037597656,-16.040000915527344,46.7265625,0.0
1172,300032000,13.3231840133667,70.01200103759766,-56.01400375366211,46.81640625,0.0
1173,300288000,12.28923511505127,81.9540023803711,-69.9540023803711,46.48046875,0.0
1174,300544000,12.46054744720459,36.01000213623047,-23.998001098632812,46.7734375,0.0
1175,300800000,12.07104778289795,46.02000045776367,-21.968000411987305,47.1875,0.0
1176,301056000,12.803590774536133,65.99800109863281,9.952000617980957,45.59375,0.0
1177,301312000,11.70816421508789,64.0,-37.99400329589844,47.375,0.0
1178,301568000,12.83862590789795,64.0040054321289,-32.0260009765625,45.9296875,0.0
1179,301824000,11.62055492401123,67.9780044555664,-57.970001220703125,45.5625,0.0
1180,302080000,11.082289695739746,46.018001556396484,-28.018001556396484,45.55859375,0.0
1181,302336000,11.341386795043945,63.9900016784668,-45.93000030517578,46.87890625,0.0
1182,302592000,12.882863998413086,54.00400161743164,23.976001739501953,46.6015625,0.0
1183,302848000,12.931962013244629,58.01400375366211,-0.04200000315904617,45.85546875,0.0
1184,303104000,11.302230834960938,71.98600006103516,-41.97800064086914,46.265625,0.0
1185,303360000,12.74863338470459,58.01400375366211,-20.02800178527832,45.546875,0.0
1186,303616000,11.383648872375488,71.98800659179688,-48.00400161743164,46.30859375,0.0
1187,303872000,12.21995735168457,59.996002197265625,-51.97800064086914,47.00390625,0.0
1188,304128000,13.423145294189453,56.00800323486328,-30.038002014160156,45.38671875,0.0
1189,304384000,10.789617538452148,63.98400115966797,-67.9540023803711,45.08984375,0.0
1190,304640000,11.343863487243652,48.00400161743164,-21.98000144958496,45.765625,0.0
1191,304896000,11.457438468933105,51.98600387573242,-2.0240001678466797,45.875,0.0
1192,305152000,11.864113807678223,38.0160026550293,-26.040000915527344,46.3984375,0.0
1193,305408000,12.696098327636719,53.99800109863281,-65.94200134277344,46.640625,0.0
1194,305664000,13.479813575744629,52.0160026550293,-8.065999984741211,46.828125,0.0
1195,305920000,12.824082374572754,67.97200012207031,-73.92000579833984,46.49609375,0.0
1196,306176000,12.688488960266113,40.012001037597656,5.9760003089904785,47.52734375,0.0
1197,306432000,13.674535751342773,51.99400329589844,-18.0,46.796875,0.0
1198,306688000,12.431055068969727,45.98200225830078,-17.986000061035156,47.35546875,0.0
1199,306944000,13.79620361328125,28.036001205444336,-4.019999980926514,46.8046875,0.0
1200,307200000,13.125243186950684,64.0040054321289,-24.0260009765625,46.890625,0.0
1201,307456000,13.366230964660645,67.97600555419922,-49.94600296020508,46.71875,0.0
1202,307712000,12.411684036254883,43.996002197265625,3.9720001220703125,47.31640625,0.0
1203,307968000,13.935160636901855,40.0160026550293,-23.996000289916992,45.7421875,0.0
1204,308224000,11.599571228027344,55.98800277709961,-20.006000518798828,47.1796875,0.0
1205,308480000,13.511449813842773,44.00200271606445,-25.96200180053711,47.2265625,0.0
1206,308736000,13.241070747375488,46.01000213623047,11.944000244140625,46.18359375,0.0
1207,308992000,12.125605583190918,55.99400329589844,-43.99400329589844,46.60546875,0.0
1208,309248000,12.730453491210938,49.97600173950195,-37.93400192260742,47.01953125,0.0
1209,309504000,12.715203285217285,26.020000457763672,27.976001739501953,47.015625,0.0
1210,309760000,13.075895309448242,45.9900016784668,4.0,47.69921875,0.0
1211,310016000,14.74917221069336,36.00600051879883,3.9840002059936523,47.0859375,0.0
1212,310272000,13.921770095825195,42.03200149536133,-12.050000190734863,47.3203125,0.0
1213,310528000,13.816657066345215,73.97400665283203,-61.98600387573242,47.71484375,0.0
1214,310784000,14.06519603729248,47.996002197265625,-47.974002838134766,47.28125,0.0
1215,311040000,12.855520248413086,44.012001037597656,-22.00400161743164,46.125,0.0
1216,311296000,12.905774116516113,55.974002838134766,-25.95600128173828,46.49609375,0.0
1217,311552000,12.429610252380371,30.040000915527344,17.93400001525879,46.296875,0.0
1218,311808000,12.350523948669434,70.0060043334961,-48.022003173828125,45.734375,0.0
1219,312064000,11.312336921691895,75.96000671386719,-69.90400695800781,45.28515625,0.0
1220,312320000,11.148777961730957,36.03600311279297,25.93000030517578,45.73046875,0.0
1221,312576000,11.487473487854004,72.0040054321289,-44.01400375366211,45.57421875,0.0
1222,312832000,10.679617881774902,75.99800109863281,-58.022003173828125,45.3359375,0.0
1223,313088000,10.610386848449707,73.95600128173828,-79.90400695800781,46.328125,0.0
1224,313344000,11.620809555053711,30.02800178527832,15.954000473022461,45.60546875,0.0
1225,313600000,11.336852073669434,58.006004333496094,-29.994001388549805,46.6328125,0.0
1226,313856000,12.251766204833984,63.98600387573242,-23.964000701904297,47.8046875,0.0
1227,314112000,14.014090538024902,50.018001556396484,11.928000450134277,46.3828125,0.0
1228,314368000,12.480324745178223,67.97400665283203,-59.98600387573242,46.6640625,0.0
1229,314624000,12.336848258972168,42.01400375366211,-45.98600387573242,46.76953125,0.0
1230,314880000,13.245649337768555,55.980003356933594,-31.988000869750977,46.92578125,0.0
1231,315136000,12.801406860351562,36.02799987792969,-20.06800079345703,47.5078125,0.0
1232,315392000,13.426149368286133,63.98800277709961,-87.91600036621094,46.9921875,0.0
1233,315648000,13.791954040527344,51.98800277709961,-4.0320000648498535,46.40234375,0.0
1234,315904000,12.777453422546387,40.018001556396484,-35.98200225830078,47.03125,0.0
1235,316160000,12.886321067810059,58.02000427246094,-18.04400062561035,46.75390625,0.0
1236,316416000,12.487898826599121,77.99800109863281,-62.0160026550293,46.80078125,0.0
1237,316672000,12.106101989746094,75.99400329589844,-77.97000122070312,46.55859375,0.0
1238,316928000,12.738293647766113,69.97600555419922,-47.94600296020508,46.828125,0.0
1239,317184000,12.74958610534668,45.98600387573242,6.004000186920166,45.89453125,0.0
1240,317440000,12.335555076599121,32.00400161743164,9.97800064086914,46.4453125,0.0
1241,317696000,11.954011917114258,36.012001037597656,-12.02400016784668,46.60546875,0.0
1242,317952000,12.839500427246094,48.00600051879883,-36.0,46.53515625,0.0
1243,318208000,12.495597839355469,54.00400161743164,-36.0160026550293,46.3203125,0.0
1244,318464000,11.999762535095215,58.01400375366211,-52.0160026550293,46.58203125,0.0
1245,318720000,11.761445999145508,71.99200439453125,-67.96000671386719,45.5625,0.0
1246,318976000,11.487703323364258,63.98400115966797,-28.00400161743164,45.609375,0.0
1247,319232000,10.910515785217285,48.018001556396484,-32.00400161743164,45.83203125,0.0
1248,319488000,11.270211219787598,65.98200225830078,-36.0,46.48046875,0.0
1249,319744000,11.948688507080078,48.02000045776367,-35.98400115966797,46.09375,0.0
1250,320000000,11.418207168579102,67.98600006103516,-20.0,45.97265625,0.0
1251,320256000,11.656664848327637,54.02000427246094,-20.02400016784668,46.63671875,0.0
1252,320512000,12.07094955444336,73.96800231933594,-43.96800231933594,46.7421875,0.0
1253,320768000,12.706637382507324,42.018001556396484,-12.016000747680664,45.921875,0.0
1254,321024000,12.313738822937012,59.98800277709961,-27.98000144958496,46.80078125,0.0
1255,321280000,13.549688339233398,48.03200149536133,-8.034000396728516,46.70703125,0.0
1256,321536000,12.45649242401123,79.97600555419922,-41.980003356933594,45.44140625,0.0
1257,321792000,11.919137001037598,56.0160026550293,-22.018001556396484,47.21484375,0.0
1258,322048000,13.08449649810791,71.98200225830078,-39.97600173950195,46.0703125,0.0
1259,322304000,11.645028114318848,54.018001556396484,-16.052000045776367,45.87109375,0.0
1260,322560000,12.140704154968262,71.98600006103516,-67.9800033569336,46.42578125,0.0
1261,322816000,12.219219207763672,57.98800277709961,-47.95600128173828,46.4765625,0.0
1262,323072000,12.686871528625488,46.01000213623047,-4.002000331878662,46.390625,0.0
1263,323328000,12.058602333068848,56.00400161743164,-6.014000415802002,46.375,0.0
1264,323584000,12.066594123840332,59.98200225830078,-19.986000061035156,46.328125,0.0
1265,323840000,12.255281448364258,42.0160026550293,-6.054000377655029,46.76171875,0.0
1266,324096000,13.628005027770996,58.0420036315918,-60.05400466918945,46.2734375,0.0
1267,324352000,12.726457595825195,99.97000122070312,-113.9540023803711,46.171875,0.0
1268,324608000,12.621648788452148,69.97600555419922,-67.9320068359375,47.140625,0.0
1269,324864000,13.174762725830078,45.99800109863281,-0.036000002175569534,46.13671875,0.0
1270,325120000,12.157539367675781,44.040000915527344,-36.038002014160156,46.9453125,0.0
1271,325376000,13.442434310913086,83.97000122070312,-73.97000122070312,45.078125,0.0
1272,325632000,10.566719055175781,54.02400207519531,-44.02400207519531,46.18359375,0.0
1273,325888000,10.879965782165527,77.9800033569336,-67.9800033569336,45.91796875,0.0
1274,326144000,11.93780517578125,58.018001556396484,-48.02000045776367,46.15234375,0.0
1275,326400000,12.242902755737305,75.98800659179688,-67.9800033569336,47.03125,0.0
1276,326656000,12.956438064575195,63.99800491333008,-47.98600387573242,46.0703125,0.0
1277,326912000,12.363364219665527,62.018001556396484,-34.034000396728516,46.68359375,0.0
1278,327168000,12.445777893066406,80.00200653076172,-68.01200103759766,46.4140625,0.0
1279,327424000,12.91055965423584,81.96000671386719,-79.92000579833984,47.15625,0.0
1280,327680000,13.311543464660645,42.01000213623047,-0.04000000283122063,46.453125,0.0
1281,327936000,12.357172012329102,52.006004333496094,-39.96200180053711,47.140625,0.0
1282,328192000,14.057489395141602,57.996002197265625,-2.0380001068115234,46.73046875,0.0
1283,328448000,12.951661109924316,54.000003814697266,-39.9640007019043,45.859375,0.0
1284,328704000,11.490153312683105,53.9900016784668,-4.028000354766846,47.16015625,0.0
1285,328960000,13.359437942504883,44.00400161743164,-31.98000144958496,46.98046875,0.0
1286,329216000,13.421879768371582,47.99800109863281,-11.992000579833984,46.85546875,0.0
1287,329472000,13.426078796386719,46.01000213623047,-4.022000312805176,47.0078125,0.0
1288,329728000,13.720531463623047,55.996002197265625,-25.988000869750977,46.6171875,0.0
1289,329984000,11.59816837310791,51.99400329589844,-14.01400089263916,46.609375,0.0
1290,330240000,12.109211921691895,46.018001556396484,-28.022001266479492,45.99609375,0.0
1291,330496000,11.944579124450684,64.00200653076172,-49.98400115966797,45.9609375,0.0
1292,330752000,11.211477279663086,66.0060043334961,-34.018001556396484,45.96484375,0.0
1293,331008000,11.749879837036133,71.99800109863281,-52.00400161743164,45.96484375,0.0
1294,331264000,11.628922462463379,69.97600555419922,-55.95600128173828,46.2890625,0.0
1295,331520000,11.644242286682129,46.012001037597656,-12.012001037597656,45.4765625,0.0
1296,331776000,11.356195449829102,58.00200271606445,-24.02800178527832,46.59765625,0.0
1297,332032000,12.0814847946167,60.01000213623047,-52.01400375366211,45.69140625,0.0
1298,332288000,11.535301208496094,69.98400115966797,-65.9540023803711,45.9375,0.0
1299,332544000,11.680520057678223,53.99400329589844,-19.990001678466797,46.5234375,0.0
1300,332800000,12.512184143066406,48.01400375366211,-10.02400016784668,46.81640625,0.0
1301,333056000,12.976524353027344,61.99200439453125,-33.97600173950195,47.1171875,0.0
1302,333312000,12.937590599060059,53.99200439453125,-9.998000144958496,46.1328125,0.0
1303,333568000,13.026325225830078,46.01400375366211,-8.050000190734863,46.3359375,0.0
1304,333824000,12.007152557373047,59.96400451660156,-57.89600372314453,45.9375,0.0
1305,334080000,11.348289489746094,24.024002075195312,45.94400405883789,46.2265625,0.0
1306,334336000,11.981742858886719,48.00400161743164,-9.986000061035156,47.421875,0.0
1307,334592000,13.253993034362793,52.006004333496094,4.002000331878662,46.8125,0.0
1308,334848000,13.340309143066406,58.012001037597656,5.928000450134277,47.8125,0.0
1309,335104000,13.804718971252441,69.9800033569336,-65.9540023803711,47.19921875,0.0
1310,335360000,13.8356294631958,49.992000579833984,-19.972000122070312,46.765625,0.0
1311,335616000,13.527301788330078,41.99800109863281,7.9760003089904785,47.26171875,0.0
1312,335872000,13.484687805175781,40.0260009765625,-16.04199981689453,47.265625,0.0
1313,336128000,13.79808235168457,65.9540023803711,-57.906002044677734,47.5078125,0.0
1314,336384000,15.002668380737305,20.046001434326172,35.92400360107422,47.69921875,0.0
1315,336640000,13.766250610351562,65.99400329589844,-39.992000579833984,47.3515625,0.0
1316,336896000,14.390168190002441,60.000003814697266,-31.968002319335938,47.19921875,0.0
1317,337152000,13.931938171386719,60.006004333496094,-0.03800000250339508,47.0625,0.0
1318,337408000,12.278918266296387,66.0,-38.00600051879883,47.50390625,0.0
1319,337664000,13.850570678710938,66.00200653076172,-43.974002838134766,46.765625,0.0
1320,337920000,12.860133171081543,67.98600006103516,-18.02800178527832,47.1953125,0.0
1321,338176000,13.617071151733398,54.006004333496094,-45.96800231933594,47.15625,0.0
1322,338432000,13.49950885772705,59.98800277709961,-14.008000373840332,46.828125,0.0
1323,338688000,13.00845718383789,48.02800369262695,-22.022001266479492,47.1796875,0.0
1324,338944000,13.652508735656738,75.99200439453125,-44.00400161743164,47.96484375,0.0
1325,339200000,13.815993309020996,67.97000122070312,-47.97800064086914,47.16796875,0.0
1326,339456000,13.403258323669434,37.99800109863281,-25.96000099182129,47.86328125,0.0
1327,339712000,14.315348625183105,36.02400207519531,13.958001136779785,46.68359375,0.0
1328,339968000,13.257332801818848,60.00800323486328,-28.022001266479492,46.64453125,0.0
1329,340224000,12.777093887329102,67.9800033569336,-49.95000076293945,46.421875,0.0
1330,340480000,12.5282621383667,48.01000213623047,-0.006000000052154064,47.09765625,0.0
1331,340736000,13.445781707763672,57.99800109863281,-6.01200008392334,47.58984375,0.0
1332,340992000,13.912304878234863,55.99800109863281,-17.994001388549805,46.0546875,0.0
1333,341248000,12.15722370147705,53.99400329589844,-12.020000457763672,46.96484375,0.0
1334,341504000,13.129157066345215,47.974002838134766,-31.946001052856445,47.2109375,0.0
1335,341760000,13.380223274230957,22.032001495361328,22.00400161743164,47.6953125,0.0
1336,342016000,14.694290161132812,53.98200225830078,25.970001220703125,46.9453125,0.0
1337,342272000,13.671024322509766,36.00200271606445,-4.026000022888184,46.75390625,0.0
1338,342528000,12.821027755737305,38.012001037597656,-29.98400115966797,46.80859375,0.0
1339,342784000,13.535863876342773,49.97800064086914,-13.984000205993652,47.8203125,0.0
1340,343040000,14.240550994873047,28.022001266479492,1.9760000705718994,46.22265625,0.0
1341,343296000,12.605180740356445,49.992000579833984,-21.98000144958496,46.62109375,0.0
1342,343552000,12.316707611083984,41.99400329589844,-1.9660000801086426,46.66796875,0.0
1343,343808000,12.61674690246582,36.00800323486328,31.970001220703125,46.26953125,0.0
1344,344064000,12.174688339233398,44.05400085449219,1.8820000886917114,46.1796875,0.0
1345,344320000,11.08315658569336,97.96600341796875,-115.93800354003906,45.77734375,0.0
1346,344576000,12.2076997756958,63.97200393676758,-53.952003479003906,46.72265625,0.0
1347,344832000,12.874391555786133,36.00200271606445,-6.010000228881836,46.12890625,0.0
1348,345088000,12.264961242675781,38.03000259399414,-16.0260009765625,45.875,0.0
1349,345344000,11.603941917419434,67.99200439453125,-42.0160026550293,47.28515625,0.0
1350,345600000,13.978477478027344,60.000003814697266,-57.954002380371094,46.3515625,0.0
1351,345856000,11.9884033203125,59.99800109863281,-11.972000122070312,46.57421875,0.0
1352,346112000,12.108551025390625,58.01000213623047,15.934000968933105,45.91796875,0.0
1353,346368000,11.287809371948242,67.98200225830078,-49.9900016784668,47.703125,0.0
1354,346624000,13.935844421386719,50.022003173828125,-40.03200149536133,46.48046875,0.0
1355,346880000,12.281039237976074,71.97000122070312,-71.93600463867188,46.0078125,0.0
1356,347136000,12.07020378112793,42.00800323486328,-8.006000518798828,46.33984375,0.0
1357,347392000,11.962430000305176,50.02400207519531,-14.022000312805176,47.5625,0.0
1358,347648000,13.452082633972168,73.97000122070312,-35.96000289916992,46.5234375,0.0
1359,347904000,12.412610054016113,44.02800369262695,3.9240002632141113,47.89453125,0.0
1360,348160000,14.862410545349121,71.99800109863281,-71.99400329589844,47.30859375,0.0
1361,348416000,13.991473197937012,69.98800659179688,-65.9540023803711,46.51171875,0.0
1362,348672000,13.277918815612793,57.996002197265625,-19.97800064086914,47.71484375,0.0
1363,348928000,13.849664688110352,53.996002197265625,1.9820001125335693,46.6015625,0.0
1364,349184000,11.954922676086426,50.01000213623047,-16.020000457763672,46.84375,0.0
1365,349440000,13.750082969665527,59.99800109863281,-35.996002197265625,47.046875,0.0
1366,349696000,13.830625534057617,58.012001037597656,-32.0260009765625,46.9375,0.0
1367,349952000,12.426582336425781,69.9800033569336,-57.94000244140625,47.06640625,0.0
1368,350208000,13.226364135742188,50.00800323486328,1.9580000638961792,47.01953125,0.0
1369,350464000,13.027477264404297,57.99800109863281,-39.97200012207031,47.26953125,0.0
1370,350720000,13.160465240478516,55.99800109863281,-11.994000434875488,47.72265625,0.0
1371,350976000,13.467765808105469,54.02000427246094,-6.052000522613525,46.4609375,0.0
1372,351232000,12.48452377319336,73.9780044555664,-57.96200180053711,46.57421875,0.0
1373,351488000,12.632243156433105,52.012001037597656,-20.014001846313477,45.93359375,0.0
1374,351744000,12.063071250915527,63.98800277709961,-34.012001037597656,46.515625,0.0
1375,352000000,12.634004592895508,52.006004333496094,-45.96600341796875,47.265625,0.0
1376,352256000,13.823563575744629,57.99800109863281,-11.994000434875488,46.87109375,0.0
1377,352512000,13.168497085571289,56.000003814697266,-6.0360002517700195,47.27734375,0.0
1378,352768000,13.693360328674316,55.98600387573242,-41.95000076293945,45.8984375,0.0
1379,353024000,11.744309425354004,42.0260009765625,7.964000225067139,47.0078125,0.0
1380,353280000,13.861961364746094,67.96600341796875,-27.952001571655273,46.2890625,0.0
1381,353536000,12.543828964233398,33.99400329589844,19.95400047302246,47.3203125,0.0
1382,353792000,13.402270317077637,28.052001953125,-26.00400161743164,46.71875,0.0
1383,354048000,13.328680038452148,79.97000122070312,-29.98400115966797,47.5546875,0.0
1384,354304000,13.880851745605469,50.012001037597656,-14.058000564575195,46.1015625,0.0
1385,354560000,11.923348426818848,62.000003814697266,-71.97400665283203,47.27734375,0.0
1386,354816000,13.39288330078125,61.99800109863281,-45.97200393676758,46.296875,0.0
1387,355072000,11.746809005737305,59.996002197265625,-17.972000122070312,46.52734375,0.0
1388,355328000,12.460668563842773,55.996002197265625,9.984000205993652,46.5390625,0.0
1389,355584000,12.191856384277344,52.0160026550293,-6.000000476837158,46.79296875,0.0
1390,355840000,12.639398574829102,67.99200439453125,-6.0320000648498535,46.38671875,0.0
1391,356096000,11.415828704833984,59.98400115966797,-37.97800064086914,46.890625,0.0
1392,356352000,13.178797721862793,44.02000045776367,-16.0,46.609375,0.0
1393,356608000,12.290122032165527,63.98600387573242,-16.018001556396484,46.33203125,0.0
1394,356864000,13.346941947937012,50.01000213623047,-33.98800277709961,46.546875,0.0
1395,357120000,12.631789207458496,60.00200271606445,-21.992000579833984,45.7890625,0.0
1396,357376000,11.61014461517334,61.980003356933594,-14.00200080871582,46.64453125,0.0
1397,357632000,12.378700256347656,41.99800109863281,-16.013999938964844,46.74609375,0.0
1398,357888000,12.172582626342773,40.018001556396484,-30.006000518798828,46.55078125,0.0
1399,358144000,12.87916088104248,58.00200271606445,-35.980003356933594,47.2890625,0.0
1400,358400000,13.13432502746582,59.98400115966797,-15.984001159667969,47.62890625,0.0
1401,358656000,14.644098281860352,43.9900016784668,0.00800000037997961,47.58984375,0.0
1402,358912000,14.211207389831543,34.03600311279297,7.938000202178955,47.63671875,0.0
1403,359168000,14.480496406555176,69.96800231933594,-53.95000076293945,47.90234375,0.0
1404,359424000,14.506898880004883,37.98800277709961,-3.996000289916992,47.15625,0.0
1405,359680000,13.593469619750977,26.0260009765625,-0.036000002175569534,46.53125,0.0
1406,359936000,13.312504768371582,52.000003814697266,-35.980003356933594,46.95703125,0.0
1407,360192000,13.317051887512207,52.000003814697266,-16.00800132751465,47.54296875,0.0
1408,360448000,13.958953857421875,51.96800231933594,-23.974000930786133,46.140625,0.0
1409,360704000,11.97846508026123,20.0260009765625,2.002000093460083,47.28515625,0.0
1410,360960000,13.878156661987305,46.00800323486328,4.002000331878662,47.046875,0.0
1411,361216000,13.130122184753418,53.98200225830078,5.990000247955322,47.5859375,0.0
1412,361472000,14.343734741210938,36.012001037597656,-3.9820001125335693,47.65625,0.0
1413,361728000,14.32843017578125,48.01400375366211,13.958001136779785,47.640625,0.0
1414,361984000,14.632746696472168,61.9900016784668,-27.968000411987305,47.8125,0.0
1415,362240000,14.564359664916992,51.99400329589844,3.992000102996826,46.3515625,0.0
1416,362496000,12.521215438842773,45.992000579833984,-4.01200008392334,47.4140625,0.0
1417,362752000,14.201543807983398,38.013999938964844,-16.010000228881836,46.5078125,0.0
1418,363008000,12.620614051818848,51.99400329589844,-25.98600196838379,46.66796875,0.0
1419,363264000,12.142497062683105,46.01000213623047,-12.0260009765625,47.00390625,0.0
1420,363520000,14.011067390441895,56.018001556396484,-38.03200149536133,46.69140625,0.0
1421,363776000,13.35898494720459,74.0040054321289,-69.98600006103516,46.5390625,0.0
1422,364032000,12.968160629272461,77.99200439453125,-55.93800354003906,46.3359375,0.0
1423,364288000,12.378973007202148,69.97400665283203,5.996000289916992,46.15234375,0.0
1424,364544000,12.444477081298828,44.040000915527344,1.9280000925064087,46.18359375,0.0
1425,364800000,11.610891342163086,83.97400665283203,-69.93400573730469,46.859375,0.0
1426,365056000,13.124980926513672,57.9900016784668,-4.026000022888184,46.6484375,0.0
1427,365312000,13.10367202758789,47.99800109863281,-29.968002319335938,45.50390625,0.0
1428,365568000,11.310203552246094,45.996002197265625,1.9900001287460327,46.82421875,0.0
1429,365824000,12.917641639709473,42.00400161743164,-8.02400016784668,46.67578125,0.0
1430,366080000,12.589820861816406,45.98200225830078,-31.974000930786133,46.15234375,0.0
1431,366336000,12.567320823669434,28.024002075195312,-6.026000499725342,47.140625,0.0
1432,366592000,13.47956657409668,52.01000213623047,-32.040000915527344,46.19140625,0.0
1433,366848000,12.577668190002441,62.000003814697266,-71.9780044555664,46.21875,0.0
1434,367104000,12.121285438537598,62.000003814697266,-49.952003479003906,46.14453125,0.0
1435,367360000,12.311981201171875,61.98800277709961,-2.0199999809265137,46.625,0.0
1436,367616000,11.793840408325195,50.02800369262695,-22.02800178527832,46.4921875,0.0
1437,367872000,12.662899017333984,77.97000122070312,-49.980003356933594,45.9921875,0.0
1438,368128000,11.50092601776123,48.00400161743164,-29.97800064086914,46.76953125,0.0
1439,368384000,12.425719261169434,52.006004333496094,-8.022000312805176,46.32421875,0.0
1440,368640000,12.363778114318848,58.0160026550293,-30.020002365112305,46.66015625,0.0
1441,368896000,12.858226776123047,73.99200439453125,-50.00400161743164,45.32421875,0.0
1442,369152000,11.711984634399414,66.01399993896484,-53.996002197265625,46.15234375,0.0
1443,369408000,12.758082389831543,79.99800109863281,-50.00600051879883,46.484375,0.0
1444,369664000,13.027328491210938,77.98200225830078,-55.94600296020508,46.91796875,0.0
1445,369920000,13.010680198669434,59.99200439453125,-2.01200008392334,46.53125,0.0
1446,370176000,11.97359848022461,52.00800323486328,-14.022000312805176,47.0390625,0.0
1447,370432000,12.913137435913086,60.00800323486328,-36.038002014160156,45.953125,0.0
1448,370688000,11.988801002502441,67.97600555419922,-73.94600677490234,47.3125,0.0
1449,370944000,12.508406639099121,44.012001037597656,-20.00800132751465,46.97265625,0.0
1450,371200000,13.101153373718262,56.01000213623047,-28.04400062561035,46.546875,0.0
1451,371456000,12.691051483154297,66.00800323486328,-71.99400329589844,46.453125,0.0
1452,371712000,12.335762023925781,73.98400115966797,-65.97400665283203,46.1796875,0.0
1453,371968000,12.160476684570312,58.012001037597656,-40.01400375366211,46.4375,0.0
1454,372224000,12.480520248413086,69.97200012207031,-53.928001403808594,46.70703125,0.0
1455,372480000,12.532449722290039,42.00600051879883,17.942001342773438,47.42578125,0.0
1456,372736000,13.730708122253418,48.00600051879883,-39.986000061035156,47.6875,0.0
1457,372992000,13.966949462890625,54.00800323486328,-25.998001098632812,46.53515625,0.0
1458,373248000,12.169610023498535,61.996002197265625,-24.0260009765625,47.25390625,0.0
1459,373504000,13.807254791259766,58.0160026550293,-49.97800064086914,46.3984375,0.0
1460,373760000,12.468082427978516,73.9780044555664,-28.00800132751465,46.109375,0.0
1461,374016000,11.801386833190918,52.03000259399414,-35.986000061035156,46.72265625,0.0
1462,374272000,12.4061918258667,81.99400329589844,-22.02800178527832,46.375,0.0
1463,374528000,12.347644805908203,75.97600555419922,-49.96000289916992,45.94140625,0.0
1464,374784000,12.337778091430664,51.996002197265625,-10.004000663757324,47.08203125,0.0
1465,375040000,14.174203872680664,47.996002197265625,-13.998001098632812,46.42578125,0.0
1466,375296000,12.598602294921875,44.012001037597656,-12.058000564575195,46.75,0.0
1467,375552000,13.542590141296387,56.006004333496094,-69.98800659179688,46.56640625,0.0
1468,375808000,13.163493156433105,61.99200439453125,-57.96200180053711,46.38671875,0.0
1469,376064000,12.594590187072754,53.98400115966797,-19.98200035095215,46.71484375,0.0
1470,376320000,13.43389892578125,38.0,-1.9660000801086426,47.73828125,0.0
1471,376576000,13.737344741821289,38.03600311279297,31.9320011138916,46.4765625,0.0
1472,376832000,12.800305366516113,73.99000549316406,-36.034000396728516,46.65625,0.0
1473,377088000,12.324875831604004,63.996002197265625,-69.93800354003906,46.65625,0.0
1474,377344000,12.979141235351562,59.996002197265625,-8.032000541687012,46.06640625,0.0
1475,377600000,11.65321159362793,55.98600387573242,-39.95600128173828,46.25390625,0.0
1476,377856000,12.519594192504883,42.018001556396484,3.9560000896453857,46.4375,0.0
1477,378112000,12.581469535827637,60.018001556396484,-40.00200271606445,46.31640625,0.0
1478,378368000,12.019445419311523,77.97000122070312,-41.97200012207031,45.90234375,0.0
1479,378624000,11.933734893798828,48.022003173828125,-14.0260009765625,46.23828125,0.0
1480,378880000,12.074481010437012,69.99400329589844,-40.018001556396484,46.3359375,0.0
1481,379136000,12.335562705993652,63.96600341796875,-57.952003479003906,46.41015625,0.0
1482,379392000,11.961848258972168,30.036001205444336,-10.006000518798828,46.43359375,0.0
1483,379648000,12.871129989624023,65.99000549316406,-15.99000072479248,46.73046875,0.0
1484,379904000,12.904691696166992,55.98800277709961,-6.01200008392334,46.26171875,0.0
1485,380160000,11.348270416259766,44.01400375366211,-18.030000686645508,46.06640625,0.0
1486,380416000,11.95992660522461,57.99400329589844,-47.954002380371094,45.15234375,0.0
1487,380672000,10.949359893798828,52.006004333496094,-2.0380001068115234,46.1171875,0.0
1488,380928000,11.090180397033691,58.00400161743164,-39.986000061035156,45.9296875,0.0
1489,381184000,11.425199508666992,61.98600387573242,-25.996000289916992,46.01171875,0.0
1490,381440000,10.84451961517334,48.022003173828125,-22.018001556396484,45.6875,0.0
1491,381696000,11.614453315734863,69.99600219726562,-40.00200271606445,46.9609375,0.0
1492,381952000,12.783590316772461,65.98800659179688,-42.03600311279297,45.4375,0.0
1493,382208000,11.218402862548828,54.022003173828125,-78.0060043334961,45.14453125,0.0
1494,382464000,10.872856140136719,75.9780044555664,-83.94000244140625,47.203125,0.0
1495,382720000,12.631492614746094,53.996002197265625,-23.996000289916992,46.484375,0.0
1496,382976000,11.312989234924316,50.00800323486328,-20.006000518798828,46.40625,0.0
1497,383232000,11.800801277160645,58.01400375366211,-26.00800132751465,46.10546875,0.0
1498,383488000,11.820695877075195,71.99200439453125,-33.99400329589844,46.93359375,0.0
1499,383744000,12.203227043151855,64.01800537109375,-28.038002014160156,47.1796875,0.0
1500,384000000,12.303695678710938,81.96400451660156,-65.94600677490234,46.1484375,0.0
1501,384256000,11.313735008239746,46.000003814697266,-11.984000205993652,46.33984375,0.0
1502,384512000,12.548930168151855,46.01000213623047,3.9760000705718994,47.78515625,0.0
1503,384768000,14.599922180175781,56.00200271606445,-20.016000747680664,46.91015625,0.0
1504,385024000,12.961356163024902,57.99400329589844,-35.98800277709961,47.46875,0.0
1505,385280000,13.378430366516113,52.00400161743164,-24.00400161743164,46.8203125,0.0
1506,385536000,12.903590202331543,56.03600311279297,-28.058000564575195,47.5859375,0.0
1507,385792000,14.148043632507324,91.97400665283203,-85.94400787353516,47.359375,0.0
1508,386048000,13.752321243286133,65.99600219726562,-30.018001556396484,46.203125,0.0
1509,386304000,12.16891860961914,61.98200225830078,-47.95000076293945,46.71875,0.0
1510,386560000,13.116605758666992,44.02400207519531,1.946000099182129,46.72265625,0.0
1511,386816000,12.535754203796387,67.98600006103516,-51.96800231933594,46.3046875,0.0
1512,387072000,13.133801460266113,54.006004333496094,-20.014001846313477,47.58203125,0.0
1513,387328000,14.120871543884277,60.01000213623047,-34.018001556396484,46.9765625,0.0
1514,387584000,13.898919105529785,69.9800033569336,-51.97600173950195,47.578125,0.0
1515,387840000,14.378633499145508,49.992000579833984,-27.98400115966797,46.875,0.0
1516,388096000,14.105113983154297,42.0160026550293,-12.022000312805176,47.2578125,0.0
1517,388352000,13.749067306518555,58.01000213623047,-34.013999938964844,47.3828125,0.0
1518,388608000,12.816243171691895,68.00200653076172,-47.99400329589844,46.4609375,0.0
1519,388864000,12.653289794921875,69.98200225830078,-42.00400161743164,47.09765625,0.0
1520,389120000,13.595586776733398,52.018001556396484,-46.0160026550293,45.93359375,0.0
1521,389376000,11.529035568237305,70.00200653076172,-61.96400451660156,46.99609375,0.0
1522,389632000,13.217336654663086,72.0060043334961,-26.030000686645508,46.36328125,0.0
1523,389888000,11.806684494018555,77.96200561523438,-55.928001403808594,47.23828125,0.0
1524,390144000,13.80087947845459,40.034000396728516,15.960000991821289,47.125,0.0
1525,390400000,13.898930549621582,73.99600219726562,-24.032001495361328,47.69140625,0.0
1526,390656000,14.390410423278809,70.01399993896484,-56.03200149536133,47.23828125,0.0
1527,390912000,14.175894737243652,83.96200561523438,-87.92000579833984,47.34765625,0.0
1528,391168000,14.288079261779785,46.01000213623047,-8.030000686645508,47.27734375,0.0
1529,391424000,13.304308891296387,55.99400329589844,-38.00200271606445,46.875,0.0
1530,391680000,12.925996780395508,50.000003814697266,-39.96800231933594,46.87109375,0.0
1531,391936000,13.140617370605469,50.018001556396484,-8.018000602722168,46.60546875,0.0
1532,392192000,13.131383895874023,67.96200561523438,-25.93800163269043,46.390625,0.0
1533,392448000,11.704145431518555,30.030000686645508,35.93600082397461,46.6328125,0.0
1534,392704000,12.721891403198242,59.9900016784668,-27.98600196838379,46.1484375,0.0
1535,392960000,11.957906723022461,50.012001037597656,-14.016000747680664,46.7890625,0.0
1536,393216000,12.83205509185791,61.99800109863281,-30.00200080871582,47.09375,0.0
1537,393472000,12.855801582336426,59.98400115966797,-31.964000701904297,46.8828125,0.0
1538,393728000,13.187055587768555,44.018001556396484,3.9620001316070557,46.53125,0.0
1539,393984000,12.742876052856445,61.99200439453125,-33.9900016784668,47.1328125,0.0
1540,394240000,13.429027557373047,53.98600387573242,-23.988000869750977,46.76953125,0.0
1541,394496000,12.770484924316406,40.00400161743164,-11.998000144958496,47.46484375,0.0
1542,394752000,13.720769882202148,44.018001556396484,-10.018000602722168,45.71484375,0.0
1543,395008000,11.836516380310059,62.00400161743164,-27.98200225830078,46.4921875,0.0
1544,395264000,12.413269996643066,66.01000213623047,-10.0600004196167,45.89453125,0.0
1545,395520000,11.621012687683105,75.94400024414062,-69.94200134277344,45.96875,0.0
1546,395776000,11.539867401123047,20.060001373291016,-12.058000564575195,46.93359375,0.0
1547,396032000,12.34243392944336,80.0,-70.0,45.64453125,0.0
1548,396288000,11.028692245483398,79.99200439453125,-69.99000549316406,46.4609375,0.0
1549,396544000,12.374074935913086,71.9780044555664,-59.96200180053711,46.19921875,0.0
1550,396800000,11.449277877807617,49.996002197265625,-21.98200035095215,46.40625,0.0
1551,397056000,11.508277893066406,46.02400207519531,-4.0420002937316895,46.3203125,0.0
1552,397312000,11.972476959228516,69.98400115966797,-45.98800277709961,46.01953125,0.0
1553,397568000,11.792793273925781,54.012001037597656,-34.0,46.26953125,0.0
1554,397824000,11.61772346496582,66.01800537109375,-34.022003173828125,46.9375,0.0
1555,398080000,12.1517972946167,83.97400665283203,-55.97200393676758,46.36328125,0.0
1556,398336000,11.606715202331543,58.00800323486328,-27.996002197265625,46.8828125,0.0
1557,398592000,12.85084056854248,66.0040054321289,-24.032001495361328,46.48828125,0.0
1558,398848000,12.129058837890625,69.9780044555664,-55.98800277709961,46.55078125,0.0
1559,399104000,12.279871940612793,48.02400207519531,-44.01000213623047,46.19140625,0.0
1560,399360000,10.903679847717285,72.0,-53.99400329589844,46.5703125,0.0
1561,399616000,12.239422798156738,71.9780044555664,-47.96000289916992,46.44140625,0.0
1562,399872000,13.377578735351562,50.00800323486328,-8.008000373840332,46.6015625,0.0
1563,400128000,12.051520347595215,57.98600387573242,-16.016000747680664,46.90234375,0.0
1564,400384000,12.789051055908203,44.02000045776367,-32.02400207519531,46.8515625,0.0
1565,400640000,12.77631664276123,63.99400329589844,-55.94600296020508,45.79296875,0.0
1566,400896000,11.749988555908203,57.980003356933594,-2.0280001163482666,45.85546875,0.0
1567,401152000,11.739738464355469,38.05400085449219,-30.06800079345703,46.75390625,0.0
1568,401408000,13.195914268493652,91.9780044555664,-97.94200134277344,47.44921875,0.0
1569,401664000,13.797379493713379,70.0060043334961,-40.02400207519531,46.90234375,0.0
1570,401920000,14.299949645996094,75.96400451660156,-63.92400360107422,46.89453125,0.0
1571,402176000,13.468637466430664,40.03000259399414,11.944000244140625,47.1484375,0.0
1572,402432000,13.353840827941895,70.0,-44.01000213623047,46.28515625,0.0
1573,402688000,11.728058815002441,69.99600219726562,-53.970001220703125,47.4375,0.0
1574,402944000,13.22260570526123,65.99200439453125,-23.992000579833984,46.84765625,0.0
1575,403200000,13.172094345092773,58.000003814697266,-16.02400016784668,47.1796875,0.0
1576,403456000,13.391496658325195,58.02400207519531,-40.02800369262695,47.3828125,0.0
1577,403712000,14.261301040649414,81.97400665283203,-67.9800033569336,47.16015625,0.0
1578,403968000,13.843605995178223,55.96400451660156,-47.94400405883789,47.0078125,0.0
1579,404224000,13.698567390441895,20.02800178527832,7.960000514984131,46.21875,0.0
1580,404480000,13.047532081604004,48.000003814697266,-31.974000930786133,47.125,0.0
1581,404736000,13.703008651733398,48.00600051879883,-6.004000186920166,47.1875,0.0
1582,404992000,13.584980964660645,54.018001556396484,-10.016000747680664,46.58984375,0.0
1583,405248000,12.62946891784668,71.98200225830078,-25.988000869750977,46.51953125,0.0
1584,405504000,13.191446304321289,54.012001037597656,-14.050000190734863,47.1484375,0.0
1585,405760000,13.230734825134277,65.98400115966797,-63.952003479003906,46.96875,0.0
1586,406016000,13.49655532836914,49.99400329589844,-16.0260009765625,47.5234375,0.0
1587,406272000,13.955903053283691,44.0160026550293,-41.9900016784668,47.390625,0.0
1588,406528000,12.829227447509766,59.99400329589844,-31.98400115966797,47.78125,0.0
1589,406784000,13.928086280822754,54.00200271606445,-16.046001434326172,46.95703125,0.0
1590,407040000,12.328004837036133,55.98400115966797,-61.94400405883789,45.71875,0.0
1591,407296000,12.207457542419434,40.0160026550293,-6.020000457763672,46.78125,0.0
1592,407552000,12.634153366088867,56.006004333496094,-26.024002075195312,47.21875,0.0
1593,407808000,13.971797943115234,61.980003356933594,-49.97200393676758,46.0703125,0.0
1594,408064000,13.113489151000977,41.98400115966797,-22.014001846313477,47.234375,0.0
1595,408320000,13.319750785827637,26.04800033569336,-36.0,46.6171875,0.0
1596,408576000,12.75780963897705,73.96600341796875,-35.974002838134766,46.69921875,0.0
1597,408832000,12.754032135009766,40.0260009765625,-10.0600004196167,46.53515625,0.0
1598,409088000,12.877766609191895,66.01399993896484,-70.0,46.15625,0.0
1599,409344000,11.739402770996094,79.97000122070312,-69.93800354003906,46.6953125,0.0
1600,409600000,12.858750343322754,50.022003173828125,-8.034000396728516,46.09765625,0.0
1601,409856000,12.235430717468262,71.96800231933594,-41.98400115966797,47.23046875,0.0
1602,410112000,13.289473533630371,40.0,-25.98200035095215,47.05859375,0.0
1603,410368000,13.698399543762207,40.02400207519531,-8.016000747680664,46.65234375,0.0
1604,410624000,12.879328727722168,64.01000213623047,-24.018001556396484,46.7421875,0.0
1605,410880000,13.301445960998535,73.97400665283203,-41.98800277709961,47.8046875,0.0
1606,411136000,13.965180397033691,47.996002197265625,-30.00400161743164,47.4375,0.0
1607,411392000,14.298954010009766,44.012001037597656,-34.00200271606445,46.33203125,0.0
1608,411648000,12.472746849060059,56.006004333496094,-36.03600311279297,46.9296875,0.0
1609,411904000,12.563664436340332,62.01400375366211,-71.99200439453125,46.81640625,0.0
1610,412160000,13.726637840270996,75.97400665283203,-63.96600341796875,47.25390625,0.0
1611,412416000,13.800402641296387,50.01400375366211,-30.024002075195312,46.28125,0.0
1612,412672000,13.42107105255127,64.0,-54.01000213623047,46.49609375,0.0
1613,412928000,12.61638355255127,64.01000213623047,-64.01200103759766,46.4140625,0.0
1614,413184000,11.812262535095215,73.9780044555664,-75.95000457763672,45.67578125,0.0
1615,413440000,11.574812889099121,52.000003814697266,-26.016000747680664,46.44140625,0.0
1616,413696000,12.168246269226074,51.996002197265625,-41.970001220703125,45.94921875,0.0
1617,413952000,12.446039199829102,48.00400161743164,-11.970000267028809,46.6640625,0.0
1618,414208000,13.17094612121582,52.000003814697266,17.922000885009766,46.27734375,0.0
1619,414464000,12.242507934570312,52.0160026550293,-60.018001556396484,46.51953125,0.0
1620,414720000,12.56210994720459,67.98600006103516,-77.94600677490234,46.421875,0.0
1621,414976000,12.171621322631836,54.022003173828125,-24.046001434326172,46.4296875,0.0
1622,415232000,11.917949676513672,75.97200012207031,-69.95600128173828,46.66796875,0.0
1623,415488000,11.899657249450684,48.00400161743164,-26.01000213623047,46.734375,0.0
1624,415744000,13.115840911865234,52.0160026550293,-35.974002838134766,46.04296875,0.0
1625,416000000,11.769281387329102,67.99200439453125,-10.04800033569336,45.640625,0.0
1626,416256000,11.521594047546387,59.99200439453125,-57.97600173950195,47.0703125,0.0
1627,416512000,13.582282066345215,52.006004333496094,-33.98200225830078,47.421875,0.0
1628,416768000,13.832250595092773,57.98800277709961,-15.986001014709473,47.20703125,0.0
1629,417024000,14.05053997039795,46.00200271606445,-1.9860000610351562,47.1484375,0.0
1630,417280000,13.807899475097656,48.01400375366211,11.956000328063965,46.85546875,0.0
1631,417536000,13.11361026763916,61.996002197265625,-31.966001510620117,47.046875,0.0
1632,417792000,13.441141128540039,57.9900016784668,2.002000093460083,46.96875,0.0
1633,418048000,13.175707817077637,47.99400329589844,3.992000102996826,46.20703125,0.0
1634,418304000,13.102055549621582,42.012001037597656,-4.026000022888184,46.5859375,0.0
1635,418560000,13.593039512634277,53.98200225830078,-29.98600196838379,46.86328125,0.0
1636,418816000,12.882683753967285,36.00600051879883,-15.984001159667969,46.6640625,0.0
1637,419072000,12.754265785217285,42.0420036315918,-0.09600000083446503,47.50390625,0.0
1638,419328000,13.113969802856445,83.97000122070312,-95.9320068359375,47.1015625,0.0
1639,419584000,13.801015853881836,54.01400375366211,-28.000001907348633,47.515625,0.0
1640,419840000,14.03409481048584,67.9540023803711,-27.98400115966797,46.58203125,0.0
1641,420096000,12.972039222717285,22.042001724243164,-12.012001037597656,46.1171875,0.0
1642,420352000,12.356535911560059,64.0040054321289,-24.042001724243164,47.3359375,0.0
1643,420608000,13.421730995178223,67.9800033569336,-65.9260025024414,46.7265625,0.0
1644,420864000,13.27605152130127,48.0260009765625,7.908000469207764,46.625,0.0
1645,421120000,11.986109733581543,73.96200561523438,-83.91400146484375,47.234375,0.0
1646,421376000,13.718387603759766,36.02400207519531,1.9640001058578491,47.23828125,0.0
1647,421632000,13.355395317077637,59.996002197265625,-33.99800109863281,47.2890625,0.0
1648,421888000,13.2811918258667,55.98800277709961,-31.988000869750977,46.76953125,0.0
1649,422144000,13.221992492675781,44.00800323486328,-19.97800064086914,46.5390625,0.0
1650,422400000,12.559234619140625,52.006004333496094,1.9780000448226929,46.63671875,0.0
1651,422656000,13.200226783752441,57.996002197265625,-20.012001037597656,47.546875,0.0
1652,422912000,14.206613540649414,53.98800277709961,-31.992000579833984,47.3046875,0.0
1653,423168000,13.788254737854004,42.000003814697266,-23.968000411987305,47.37890625,0.0
1654,423424000,12.979762077331543,42.01400375366211,7.964000225067139,46.390625,0.0
1655,423680000,12.274582862854004,56.01000213623047,-28.014001846313477,46.9453125,0.0
1656,423936000,13.416950225830078,66.0,-42.0160026550293,47.11328125,0.0
1657,424192000,12.39859390258789,65.99800109863281,-57.996002197265625,46.5234375,0.0
1658,424448000,12.554887771606445,64.00200653076172,-54.00400161743164,46.8671875,0.0
1659,424704000,12.753726959228516,66.00200653076172,-57.97200393676758,46.3046875,0.0
1660,424960000,12.57468032836914,67.98400115966797,-29.976001739501953,47.0234375,0.0
1661,425216000,13.035308837890625,51.99400329589844,-5.978000164031982,46.6875,0.0
1662,425472000,13.187566757202148,46.00200271606445,15.972001075744629,46.94140625,0.0
1663,425728000,13.253719329833984,48.01000213623047,-12.02400016784668,47.03515625,0.0
1664,425984000,13.065934181213379,57.96800231933594,-35.95600128173828,46.4453125,0.0
1665,426240000,12.593301773071289,26.012001037597656,7.9760003089904785,46.7890625,0.0
1666,426496000,12.14573860168457,38.00200271606445,-15.992000579833984,47.10546875,0.0
1667,426752000,13.349809646606445,40.02000045776367,-8.042000770568848,45.78125,0.0
1668,427008000,11.599043846130371,59.978004455566406,-49.954002380371094,46.46484375,0.0
1669,427264000,12.984238624572754,38.01000213623047,-4.01800012588501,46.80859375,0.0
1670,427520000,12.84724235534668,48.00400161743164,-21.988000869750977,46.98828125,0.0
1671,427776000,12.433008193969727,52.000003814697266,-9.988000869750977,46.1875,0.0
1672,428032000,11.848058700561523,52.00800323486328,1.9340001344680786,46.61328125,0.0
1673,428288000,12.249442100524902,59.9900016784668,-63.94400405883789,46.23828125,0.0
1674,428544000,11.692848205566406,50.03200149536133,-8.056000709533691,47.04296875,0.0
1675,428800000,13.132766723632812,81.95600128173828,-63.928001403808594,46.90234375,0.0
1676,429056000,13.086387634277344,38.00600051879883,7.990000247955322,46.5546875,0.0
1677,429312000,13.534844398498535,44.00800323486328,-2.014000177383423,46.91796875,0.0
1678,429568000,13.223363876342773,52.012001037597656,-16.016000747680664,46.92578125,0.0
1679,429824000,13.929945945739746,63.9900016784668,-31.98200225830078,47.51171875,0.0
1680,430080000,14.187758445739746,54.012001037597656,-14.010000228881836,47.609375,0.0
1681,430336000,14.443992614746094,65.98200225830078,-24.02800178527832,46.42578125,0.0
1682,430592000,13.125649452209473,47.98600387573242,-51.96000289916992,46.79296875,0.0
1683,430848000,13.77230167388916,34.012001037597656,-11.994000434875488,46.3671875,0.0
1684,431104000,12.637414932250977,46.012001037597656,-5.992000102996826,47.64453125,0.0
1685,431360000,13.331414222717285,58.000003814697266,1.9380000829696655,46.08984375,0.0
1686,431616000,12.713933944702148,57.99400329589844,-59.958003997802734,45.87890625,0.0
1687,431872000,11.805777549743652,51.970001220703125,-17.976001739501953,46.36328125,0.0
1688,432128000,12.893324851989746,22.042001724243164,5.948000431060791,46.01171875,0.0
1689,432384000,11.688422203063965,64.0,-45.96800231933594,46.2890625,0.0
1690,432640000,12.6093168258667,64.01399993896484,-14.0600004196167,46.6640625,0.0
1691,432896000,12.550254821777344,78.0060043334961,-73.98400115966797,46.38671875,0.0
1692,433152000,12.02368450164795,83.99000549316406,-58.01400375366211,46.1640625,0.0
1693,433408000,12.270031929016113,74.00800323486328,-72.0,46.76953125,0.0
1694,433664000,12.768977165222168,81.96400451660156,-71.94000244140625,46.44921875,0.0
1695,433920000,12.216371536254883,46.00800323486328,-12.022000312805176,46.7265625,0.0
1696,434176000,13.742141723632812,54.00400161743164,-34.00800323486328,47.0703125,0.0
1697,434432000,13.693578720092773,58.02400207519531,-42.02000045776367,45.8515625,0.0
1698,434688000,11.962496757507324,81.96800231933594,-61.94400405883789,46.66015625,0.0
1699,434944000,13.520367622375488,50.000003814697266,-6.006000518798828,47.66015625,0.0
1700,435200000,14.353250503540039,49.97800064086914,-11.9660005569458,46.27734375,0.0
1701,435456000,12.137918472290039,28.030000686645508,21.964000701904297,46.94921875,0.0
1702,435712000,13.335426330566406,58.018001556396484,-14.072000503540039,46.62109375,0.0
1703,435968000,12.824531555175781,75.96800231933594,-85.93000030517578,47.02734375,0.0
1704,436224000,13.135333061218262,44.022003173828125,-16.032001495361328,46.19140625,0.0
1705,436480000,11.750289916992188,66.0060043334961,-48.02400207519531,46.2109375,0.0
1706,436736000,12.03985595703125,71.9800033569336,-71.96200561523438,46.68359375,0.0
1707,436992000,12.83120346069336,51.99400329589844,-33.974002838134766,46.41796875,0.0
1708,437248000,12.00455093383789,46.00600051879883,-8.016000747680664,46.30859375,0.0
1709,437504000,12.648293495178223,52.03000259399414,-24.022001266479492,46.609375,0.0
1710,437760000,12.502727508544922,81.96800231933594,-45.98200225830078,45.84765625,0.0
1711,438016000,11.324492454528809,50.0160026550293,-28.00200080871582,45.76171875,0.0
1712,438272000,11.597625732421875,65.99600219726562,-29.996002197265625,45.9765625,0.0
1713,438528000,11.566617965698242,62.02400207519531,-26.058000564575195,45.78125,0.0
1714,438784000,11.77846908569336,85.96000671386719,-83.96400451660156,47.33203125,0.0
1715,439040000,12.901968955993652,46.02800369262695,-48.022003173828125,46.109375,0.0
1716,439296000,12.528515815734863,74.01600646972656,-70.0060043334961,47.00390625,0.0
1717,439552000,13.697973251342773,89.95600128173828,-75.9280014038086,46.51171875,0.0
1718,439808000,12.454262733459473,46.00200271606445,-4.010000228881836,47.35546875,0.0
1719,440064000,13.588473320007324,48.018001556396484,-14.018000602722168,46.4375,0.0
1720,440320000,12.219176292419434,66.0040054321289,-32.00400161743164,46.265625,0.0
1721,440576000,12.64594554901123,70.01000213623047,-36.03600311279297,46.98828125,0.0
1722,440832000,14.057031631469727,79.97200012207031,-71.9540023803711,46.44140625,0.0
1723,441088000,12.496465682983398,52.006004333496094,-26.000001907348633,46.5234375,0.0
1724,441344000,12.867425918579102,58.006004333496094,-26.00200080871582,46.484375,0.0
1725,441600000,13.106789588928223,63.98600387573242,-27.996002197265625,47.859375,0.0
1726,441856000,14.426094055175781,50.00600051879883,-24.022001266479492,47.57421875,0.0
1727,442112000,14.738086700439453,55.996002197265625,-45.97800064086914,47.64453125,0.0
1728,442368000,14.542207717895508,51.996002197265625,-24.000001907348633,46.6953125,0.0
1729,442624000,13.781055450439453,48.02000045776367,-24.052001953125,46.89453125,0.0
1730,442880000,13.585453987121582,67.9780044555664,-75.9520034790039,46.89453125,0.0
1731,443136000,13.101000785827637,46.03000259399414,-28.01000213623047,47.1015625,0.0
1732,443392000,12.539617538452148,75.97000122070312,-37.96600341796875,47.33203125,0.0
1733,443648000,13.09272289276123,46.038002014160156,-4.0960001945495605,46.18359375,0.0
1734,443904000,12.067875862121582,83.98800659179688,-99.96400451660156,47.72265625,0.0
1735,444160000,13.534164428710938,71.97200012207031,-63.936004638671875,46.6875,0.0
1736,444416000,12.54141902923584,43.99400329589844,0.020000001415610313,45.6484375,0.0
1737,444672000,10.99290657043457,38.02800369262695,19.95400047302246,46.53125,0.0
1738,444928000,11.711527824401855,65.98800659179688,-26.00400161743164,45.95703125,0.0
1739,445184000,12.30024242401123,53.98600387573242,-29.9580020904541,46.15625,0.0
1740,445440000,11.763015747070312,40.01400375366211,11.984000205993652,47.06640625,0.0
1741,445696000,13.058160781860352,54.012001037597656,-4.022000312805176,46.5234375,0.0
1742,445952000,12.626527786254883,66.0060043334961,-26.04400062561035,47.0859375,0.0
1743,446208000,14.151543617248535,71.9780044555664,-69.92200469970703,46.84765625,0.0
1744,446464000,13.351274490356445,49.99800109863281,7.994000434875488,46.63671875,0.0
1745,446720000,13.062484741210938,47.99800109863281,1.998000144958496,46.9765625,0.0
1746,446976000,13.047539710998535,46.02000045776367,-0.04400000348687172,47.2578125,0.0
1747,447232000,13.708273887634277,65.97400665283203,-43.97200393676758,46.15625,0.0
1748,447488000,11.047183990478516,40.034000396728516,-16.058000564575195,45.234375,0.0
1749,447744000,11.356348037719727,73.97200012207031,-73.94800567626953,45.9921875,0.0
1750,448000000,12.235297203063965,46.00200271606445,-21.98400115966797,46.8984375,0.0
1751,448256000,13.15473461151123,48.02000045776367,-6.0460004806518555,46.35546875,0.0
1752,448512000,11.640223503112793,67.99400329589844,-52.000003814697266,45.90625,0.0
1753,448768000,11.238426208496094,61.99200439453125,-51.996002197265625,46.23046875,0.0
1754,449024000,11.382508277893066,54.006004333496094,-47.98400115966797,45.46484375,0.0
1755,449280000,11.079082489013672,59.978004455566406,-31.972002029418945,46.47265625,0.0
1756,449536000,12.036922454833984,38.00400161743164,-3.998000144958496,47.578125,0.0
1757,449792000,13.798941612243652,42.034000396728516,-2.0320000648498535,46.203125,0.0
1758,450048000,11.963715553283691,75.96200561523438,-33.94000244140625,47.56640625,0.0
1759,450304000,14.736289978027344,38.02400207519531,25.93000030517578,47.1015625,0.0
1760,450560000,12.746391296386719,61.98400115966797,-43.96800231933594,46.765625,0.0
1761,450816000,13.042492866516113,46.01000213623047,-12.030000686645508,47.23046875,0.0
1762,451072000,12.567371368408203,56.01000213623047,-42.00800323486328,46.9609375,0.0
1763,451328000,13.532059669494629,65.99400329589844,-49.97800064086914,47.3125,0.0
1764,451584000,14.33922290802002,59.98600387573242,-27.976001739501953,46.7578125,0.0
1765,451840000,13.718570709228516,45.99800109863281,-4.002000331878662,47.54296875,0.0
1766,452096000,13.538219451904297,44.00400161743164,-6.006000518798828,46.30859375,0.0
1767,452352000,12.695953369140625,48.012001037597656,-12.022000312805176,47.1953125,0.0
1768,452608000,13.336223602294922,60.01000213623047,-34.0260009765625,47.65625,0.0
1769,452864000,13.620192527770996,69.99800109863281,-60.0160026550293,47.09765625,0.0
1770,453120000,12.717480659484863,67.98800659179688,-75.9800033569336,46.015625,0.0
1771,453376000,11.450390815734863,55.99800109863281,-55.952003479003906,46.25,0.0
1772,453632000,12.620481491088867,54.00800323486328,-8.032000541687012,46.57421875,0.0
1773,453888000,12.009781837463379,61.9900016784668,-39.996002197265625,47.484375,0.0
1774,454144000,13.975680351257324,51.99800109863281,-35.96600341796875,46.6171875,0.0
1775,454400000,13.09467601776123,50.02000427246094,-2.0380001068115234,48.03125,0.0
1776,454656000,14.017868041992188,69.96800231933594,-39.97200012207031,46.74609375,0.0
1777,454912000,12.35631275177002,38.013999938964844,-11.986001014709473,46.94140625,0.0
1778,455168000,13.1996488571167,52.03000259399414,1.940000057220459,46.46484375,0.0
1779,455424000,13.627055168151855,81.96600341796875,-57.978004455566406,46.375,0.0
1780,455680000,11.777911186218262,48.02000045776367,-36.0,46.2890625,0.0
1781,455936000,12.34423542022705,68.0060043334961,-35.992000579833984,46.2421875,0.0
1782,456192000,12.826594352722168,73.96800231933594,-28.00800132751465,45.48828125,0.0
1783,456448000,11.298641204833984,42.0160026550293,-35.992000579833984,46.8359375,0.0
1784,456704000,13.061602592468262,57.98200225830078,-27.98200225830078,46.55078125,0.0
1785,456960000,12.16411018371582,40.0,-10.01200008392334,46.1328125,0.0
1786,457216000,12.21187973022461,40.0160026550293,-21.996000289916992,46.453125,0.0
1787,457472000,13.151496887207031,56.01000213623047,-17.998001098632812,46.76171875,0.0
1788,457728000,12.305020332336426,65.95000457763672,-15.968000411987305,46.23828125,0.0
1789,457984000,12.637035369873047,16.09200096130371,15.850000381469727,46.4375,0.0
1790,458240000,12.952559471130371,107.9540023803711,-133.91000366210938,46.046875,0.0
1791,458496000,12.387312889099121,61.97200393676758,-43.95600128173828,47.0546875,0.0
1792,458752000,12.98030948638916,33.99400329589844,0.012000000104308128,47.08203125,0.0
1793,459008000,12.818746566772461,28.030000686645508,11.946000099182129,45.58984375,0.0
1794,459264000,11.255020141601562,58.01400375366211,-41.98800277709961,46.0625,0.0
1795,459520000,12.36764907836914,71.99800109863281,-30.00400161743164,46.74609375,0.0
1796,459776000,12.828191757202148,69.99400329589844,-34.00200271606445,46.72265625,0.0
1797,460032000,12.894996643066406,64.0,-36.00200271606445,46.66015625,0.0
1798,460288000,13.358453750610352,63.98400115966797,-37.98200225830078,46.24609375,0.0
1799,460544000,12.437348365783691,48.01000213623047,-20.018001556396484,46.10546875,0.0
1800,460800000,12.284883499145508,58.00400161743164,-37.98800277709961,46.3828125,0.0
1801,461056000,12.013606071472168,62.00200271606445,-26.006000518798828,47.0,0.0
1802,461312000,13.897879600524902,64.00800323486328,-32.0160026550293,47.19921875,0.0
1803,461568000,13.338656425476074,71.97600555419922,-47.96000289916992,46.22265625,0.0
1804,461824000,12.151484489440918,48.04600143432617,-8.096000671386719,46.2109375,0.0
1805,462080000,11.29419231414795,93.97400665283203,-103.93400573730469,46.80078125,0.0
1806,462336000,12.516196250915527,67.99200439453125,-37.98800277709961,46.96484375,0.0
1807,462592000,13.085243225097656,59.996002197265625,-26.00200080871582,46.51171875,0.0
1808,462848000,12.392277717590332,55.978004455566406,-27.966001510620117,47.1015625,0.0
1809,463104000,14.041946411132812,34.0260009765625,5.946000099182129,46.55859375,0.0
1810,463360000,13.020594596862793,59.980003356933594,-47.96800231933594,47.3984375,0.0
1811,463616000,14.081743240356445,40.040000915527344,-16.034000396728516,47.4453125,0.0
1812,463872000,13.791337013244629,79.97200012207031,-49.97600173950195,46.06640625,0.0
1813,464128000,12.160390853881836,52.02400207519531,-26.038002014160156,46.2578125,0.0
1814,464384000,12.395586967468262,75.96800231933594,-63.94200134277344,46.9609375,0.0
1815,464640000,13.448328971862793,44.0420036315918,-6.090000152587891,46.16015625,0.0
1816,464896000,12.558028221130371,85.99400329589844,-95.96000671386719,46.76171875,0.0
1817,465152000,11.992114067077637,79.98800659179688,-55.99200439453125,46.125,0.0
1818,465408000,11.917125701904297,67.99200439453125,-47.98400115966797,45.9921875,0.0
1819,465664000,11.075246810913086,59.96600341796875,-31.948001861572266,45.9296875,0.0
1820,465920000,12.101656913757324,26.038002014160156,19.918001174926758,46.29296875,0.0
1821,466176000,12.195121765136719,63.996002197265625,-61.9900016784668,46.3515625,0.0
1822,466432000,12.004114151000977,59.99800109863281,-51.97200393676758,46.2734375,0.0
1823,466688000,12.2099027633667,58.018001556396484,-24.05000114440918,46.0390625,0.0
1824,466944000,11.177055358886719,75.99600219726562,-73.98200225830078,46.5390625,0.0
1825,467200000,12.449786186218262,71.98600006103516,-55.980003356933594,46.52734375,0.0
1826,467456000,13.015851974487305,57.98600387573242,-35.96600341796875,46.8828125,0.0
1827,467712000,13.24216079711914,44.000003814697266,-2.01200008392334,46.76171875,0.0
1828,467968000,13.213348388671875,44.00600051879883,-14.022000312805176,46.140625,0.0
1829,468224000,11.718184471130371,50.0160026550293,-36.00400161743164,45.7734375,0.0
1830,468480000,11.152132987976074,65.99200439453125,-39.98400115966797,45.32421875,0.0
1831,468736000,10.942625045776367,58.00200271606445,-23.992000579833984,46.11328125,0.0
1832,468992000,12.159086227416992,59.99800109863281,-16.0,45.234375,0.0
1833,469248000,11.091371536254883,58.01400375366211,-16.052000045776367,46.65234375,0.0
1834,469504000,12.616168975830078,71.98800659179688,-67.96800231933594,46.21484375,0.0
1835,469760000,11.597601890563965,60.00200271606445,-35.99800109863281,45.875,0.0
1836,470016000,11.542379379272461,61.98800277709961,-33.980003356933594,45.9375,0.0
1837,470272000,10.95414924621582,50.01400375366211,-14.028000831604004,46.1796875,0.0
1838,470528000,11.97512149810791,64.0,-41.98400115966797,45.6796875,0.0
1839,470784000,10.536410331726074,63.99400329589844,-26.018001556396484,45.83984375,0.0
1840,471040000,11.788907051086426,57.99400329589844,-43.98400115966797,46.05859375,0.0
1841,471296000,11.63401985168457,51.99400329589844,-27.992000579833984,47.13671875,0.0
1842,471552000,12.840078353881836,45.99400329589844,-20.0,46.375,0.0
1843,471808000,13.075504302978516,40.05000305175781,-20.06800079345703,47.92578125,0.0
1844,472064000,14.357145309448242,89.97000122070312,-87.91200256347656,46.765625,0.0
1845,472320000,12.129075050354004,60.006004333496094,-0.03200000151991844,46.32421875,0.0
1846,472576000,12.296141624450684,66.00800323486328,-32.02000045776367,45.82421875,0.0
1847,472832000,11.563207626342773,73.97400665283203,-51.96200180053711,46.34375,0.0
1848,473088000,12.269461631774902,48.00600051879883,-14.00200080871582,46.37890625,0.0
1849,473344000,12.200055122375488,53.99800109863281,-16.012001037597656,46.7265625,0.0
1850,473600000,13.033903121948242,52.02000427246094,-28.056001663208008,46.5390625,0.0
1851,473856000,11.781203269958496,71.96200561523438,-83.94400024414062,46.02734375,0.0
1852,474112000,11.735136985778809,34.04600143432617,-28.040000915527344,46.671875,0.0
1853,474368000,12.494906425476074,79.9800033569336,-67.94600677490234,46.0078125,0.0
1854,474624000,11.311558723449707,59.99400329589844,-14.008000373840332,47.91796875,0.0
1855,474880000,14.27127456665039,53.99800109863281,-21.992000579833984,46.44140625,0.0
1856,475136000,12.10898494720459,51.98600387573242,-13.982000350952148,46.1484375,0.0
1857,475392000,11.719265937805176,38.03600311279297,3.946000099182129,46.4609375,0.0
1858,475648000,12.234734535217285,73.99400329589844,-50.01000213623047,46.796875,0.0
1859,475904000,12.593781471252441,67.99000549316406,-59.970001220703125,46.45703125,0.0
1860,476160000,12.624406814575195,57.9900016784668,-29.976001739501953,46.21484375,0.0
1861,476416000,12.031383514404297,48.018001556396484,-6.03000020980835,46.28125,0.0
1862,476672000,12.163199424743652,65.99400329589844,-36.0160026550293,45.8125,0.0
1863,476928000,11.301196098327637,59.9900016784668,-51.99400329589844,46.2109375,0.0
1864,477184000,11.714766502380371,50.03200149536133,-46.01400375366211,46.203125,0.0
1865,477440000,11.637730598449707,81.98800659179688,-59.980003356933594,46.5,0.0
1866,477696000,12.648738861083984,69.98600006103516,-40.01400375366211,47.0,0.0
1867,477952000,12.949926376342773,56.01000213623047,-54.000003814697266,47.23828125,0.0
1868,478208000,13.656113624572754,66.02200317382812,-54.052001953125,46.84375,0.0
1869,478464000,13.519156455993652,87.96400451660156,-105.906005859375,47.05078125,0.0
1870,478720000,13.143051147460938,52.018001556396484,-12.030000686645508,45.94140625,0.0
1871,478976000,11.664395332336426,70.02799987792969,-42.066001892089844,45.75390625,0.0
1872,479232000,11.995875358581543,97.9260025024414,-107.88200378417969,46.25,0.0
1873,479488000,11.778684616088867,24.056001663208008,9.920000076293945,46.8828125,0.0
1874,479744000,13.117524147033691,79.99200439453125,-69.97400665283203,46.8828125,0.0
1875,480000000,13.452567100524902,71.98200225830078,-43.996002197265625,46.77734375,0.0
1876,480256000,12.895031929016113,54.03400421142578,-40.070003509521484,46.84375,0.0
1877,480512000,13.39378547668457,87.9580078125,-109.90800476074219,46.31640625,0.0
1878,480768000,12.648364067077637,46.012001037597656,-18.038000106811523,46.5859375,0.0
1879,481024000,12.574231147766113,58.00800323486328,-55.98600387573242,46.94921875,0.0
1880,481280000,12.58552360534668,65.96600341796875,-41.93800354003906,46.67578125,0.0
1881,481536000,12.173672676086426,32.04199981689453,19.940000534057617,47.265625,0.0
1882,481792000,13.967571258544922,73.99400329589844,-40.01000213623047,46.265625,0.0
1883,482048000,12.789445877075195,67.98800659179688,-49.980003356933594,46.5390625,0.0
1884,482304000,13.1723051071167,56.00400161743164,-30.02800178527832,47.16015625,0.0
1885,482560000,13.60222339630127,59.996002197265625,-57.95600128173828,47.19140625,0.0
1886,482816000,14.2613525390625,56.006004333496094,-14.046000480651855,47.421875,0.0
1887,483072000,13.8927583694458,61.99400329589844,-59.96800231933594,46.3046875,0.0
1888,483328000,12.121980667114258,56.02400207519531,-28.024002075195312,46.68359375,0.0
1889,483584000,13.00757884979248,79.97200012207031,-51.95000076293945,46.7578125,0.0
1890,483840000,12.77242660522461,52.00800323486328,-2.0240001678466797,46.6796875,0.0
1891,484096000,11.761531829833984,60.00200271606445,-26.032001495361328,46.3671875,0.0
1892,484352000,11.574665069580078,61.98600387573242,-57.93800354003906,46.3359375,0.0
1893,484608000,12.018692016601562,48.01400375366211,3.954000234603882,45.87109375,0.0
1894,484864000,11.180930137634277,61.98400115966797,-41.98800277709961,46.40625,0.0
1895,485120000,12.421242713928223,46.000003814697266,-30.00400161743164,46.2578125,0.0
1896,485376000,11.790668487548828,46.022003173828125,-34.0260009765625,46.8125,0.0
1897,485632000,13.392769813537598,67.9780044555664,-59.95600128173828,45.953125,0.0
1898,485888000,11.634180068969727,46.0260009765625,-16.032001495361328,46.63671875,0.0
1899,486144000,13.000301361083984,71.99800109863281,-48.044002532958984,47.22265625,0.0
1900,486400000,13.299996376037598,69.98200225830078,-91.93800354003906,46.6953125,0.0
1901,486656000,12.517531394958496,52.018001556396484,-30.000001907348633,46.98046875,0.0
1902,486912000,14.420055389404297,70.00200653076172,-30.036001205444336,47.01171875,0.0
1903,487168000,12.602066993713379,71.98400115966797,-65.9780044555664,47.265625,0.0
1904,487424000,13.10556697845459,55.99200439453125,-43.94000244140625,46.65234375,0.0
1905,487680000,13.204008102416992,48.0160026550293,15.962000846862793,47.5546875,0.0
1906,487936000,14.084633827209473,63.9900016784668,-22.00800132751465,46.625,0.0
1907,488192000,12.780598640441895,54.03600311279297,-30.07600212097168,46.58203125,0.0
1908,488448000,12.13011360168457,89.97200775146484,-105.95000457763672,47.171875,0.0
1909,488704000,13.334356307983398,61.98800277709961,-55.958003997802734,46.43359375,0.0
1910,488960000,11.754524230957031,50.00800323486328,-14.00200080871582,46.15234375,0.0
1911,489216000,12.371875762939453,58.00400161743164,-16.0260009765625,46.81640625,0.0
1912,489472000,13.152129173278809,62.0160026550293,-42.00600051879883,46.68359375,0.0
1913,489728000,12.936824798583984,77.98600006103516,-48.000003814697266,46.1328125,0.0
1914,489984000,12.262262344360352,63.9900016784668,-47.952003479003906,46.640625,0.0
1915,490240000,12.803375244140625,54.018001556396484,-0.052000001072883606,45.9765625,0.0
1916,490496000,11.49256706237793,72.0,-52.012001037597656,46.2890625,0.0
1917,490752000,11.872269630432129,71.99200439453125,-63.96000289916992,47.1328125,0.0
1918,491008000,13.04589557647705,64.00800323486328,-24.030000686645508,46.43359375,0.0
1919,491264000,12.06725025177002,71.99400329589844,-53.980003356933594,46.28515625,0.0
1920,491520000,12.911375999450684,65.9780044555664,-34.0,46.98828125,0.0
1921,491776000,14.128020286560059,44.01000213623047,-34.013999938964844,47.0859375,0.0
1922,492032000,13.24120807647705,54.0160026550293,-48.018001556396484,46.33984375,0.0
1923,492288000,12.261984825134277,69.9780044555664,-65.9520034790039,46.17578125,0.0
1924,492544000,12.52721118927002,47.99800109863281,-18.020000457763672,46.46875,0.0
1925,492800000,12.394450187683105,46.02800369262695,-38.022003173828125,46.609375,0.0
1926,493056000,12.311992645263672,73.99000549316406,-59.98400115966797,46.08203125,0.0
1927,493312000,11.80450439453125,64.0040054321289,-43.99400329589844,45.60546875,0.0
1928,493568000,11.62216854095459,67.97600555419922,-37.954002380371094,46.73046875,0.0
1929,493824000,12.695032119750977,44.02800369262695,7.934000492095947,46.73828125,0.0
1930,494080000,12.41392993927002,71.99400329589844,-57.98400115966797,46.5546875,0.0
1931,494336000,12.281047821044922,65.98200225830078,-41.96200180053711,46.23828125,0.0
1932,494592000,12.078938484191895,48.022003173828125,-4.068000316619873,46.4375,0.0
1933,494848000,12.889148712158203,69.97200012207031,-71.94600677490234,45.7734375,0.0
1934,495104000,11.414727210998535,42.0260009765625,-18.02800178527832,46.1875,0.0
1935,495360000,12.077054977416992,67.99800109863281,-45.996002197265625,45.53515625,0.0
1936,495616000,11.008063316345215,65.98200225830078,-41.974002838134766,45.8515625,0.0
1937,495872000,11.257558822631836,48.00200271606445,-16.00800132751465,45.75,0.0
1938,496128000,11.006121635437012,50.012001037597656,-24.00800132751465,47.09765625,0.0
1939,496384000,13.218160629272461,62.01200485229492,-32.0260009765625,46.4375,0.0
1940,496640000,12.628887176513672,73.99800109863281,-57.98200225830078,46.84375,0.0
1941,496896000,12.609113693237305,71.96200561523438,-39.95000076293945,46.34765625,0.0
1942,497152000,12.349305152893066,34.018001556396484,9.97800064086914,47.66015625,0.0
1943,497408000,13.994281768798828,52.0160026550293,-12.0260009765625,46.8515625,0.0
1944,497664000,12.184473037719727,67.98400115966797,-37.98800277709961,47.3125,0.0
1945,497920000,13.062234878540039,52.02400207519531,-26.022001266479492,46.9140625,0.0
1946,498176000,12.79771900177002,75.97400665283203,-47.97600173950195,47.09375,0.0
1947,498432000,13.640777587890625,50.040000915527344,-24.076000213623047,47.2578125,0.0
1948,498688000,13.792465209960938,89.94200134277344,-99.89800262451172,46.72265625,0.0
1949,498944000,13.287941932678223,32.01000213623047,1.998000144958496,46.02734375,0.0
1950,499200000,12.167828559875488,42.01000213623047,-0.010000000707805157,45.83203125,0.0
1951,499456000,12.027555465698242,52.01400375366211,-10.046000480651855,46.23828125,0.0
1952,499712000,12.238688468933105,65.99400329589844,-55.96600341796875,46.453125,0.0
1953,499968000,12.644590377807617,60.000003814697266,-22.042001724243164,46.2734375,0.0
1954,500224000,12.70163345336914,60.01400375366211,-63.98600387573242,45.66796875,0.0
1955,500480000,11.213566780090332,73.99600219726562,-50.00200271606445,47.25390625,0.0
1956,500736000,13.83883285522461,69.99200439453125,-51.970001220703125,46.484375,0.0
1957,500992000,12.8292236328125,62.01200485229492,-22.032001495361328,47.4921875,0.0
1958,501248000,13.924012184143066,73.98600006103516,-53.99800109863281,46.0625,0.0
1959,501504000,12.156965255737305,59.98200225830078,-51.954002380371094,47.0625,0.0
1960,501760000,12.870262145996094,42.038002014160156,-6.068000316619873,46.234375,0.0
1961,502016000,12.03902816772461,79.97400665283203,-73.93600463867188,46.2578125,0.0
1962,502272000,12.003890991210938,54.01000213623047,-10.038000106811523,46.109375,0.0
1963,502528000,11.989723205566406,64.00800323486328,-48.01000213623047,47.1171875,0.0
1964,502784000,13.429985046386719,71.97600555419922,-57.95600128173828,47.16015625,0.0
1965,503040000,13.72624683380127,48.03000259399414,-14.050000190734863,47.08984375,0.0
1966,503296000,13.410058975219727,77.99400329589844,-63.978004455566406,46.828125,0.0
1967,503552000,13.313179969787598,72.00200653076172,-42.022003173828125,47.39453125,0.0
1968,503808000,13.990758895874023,73.99800109863281,-63.99400329589844,46.1875,0.0
1969,504064000,12.561727523803711,71.99600219726562,-58.000003814697266,45.4921875,0.0
1970,504320000,11.789231300354004,67.99800109863281,-57.97600173950195,46.109375,0.0
1971,504576000,11.957531929016113,65.98800659179688,-34.01000213623047,46.453125,0.0
1972,504832000,12.457000732421875,53.99200439453125,-43.95000076293945,46.30078125,0.0
1973,505088000,12.425430297851562,46.018001556396484,5.944000244140625,45.95703125,0.0
1974,505344000,12.074238777160645,64.0040054321289,-50.012001037597656,46.49609375,0.0
1975,505600000,12.093547821044922,68.00200653076172,-61.98800277709961,46.44140625,0.0
1976,505856000,11.889554977416992,69.97200012207031,-49.96800231933594,46.0,0.0
1977,506112000,10.821215629577637,41.9900016784668,-17.986000061035156,45.91796875,0.0
1978,506368000,11.722379684448242,32.00200271606445,-4.008000373840332,45.83984375,0.0
1979,506624000,11.445425987243652,34.0260009765625,-12.02400016784668,45.91015625,0.0
1980,506880000,11.559012413024902,60.000003814697266,-35.986000061035156,46.1484375,0.0
1981,507136000,11.97753620147705,59.98800277709961,-21.98600196838379,46.9296875,0.0
1982,507392000,12.947484970092773,48.02800369262695,-8.02400016784668,45.45703125,0.0
1983,507648000,11.216313362121582,75.97000122070312,-31.942001342773438,46.4921875,0.0
1984,507904000,12.683387756347656,46.0160026550293,25.93800163269043,46.5625,0.0
1985,508160000,12.475957870483398,62.00400161743164,-36.00600051879883,46.33984375,0.0
1986,508416000,11.87070369720459,65.97600555419922,-41.95600128173828,45.90625,0.0
1987,508672000,11.480168342590332,42.012001037597656,1.9880000352859497,46.0625,0.0
1988,508928000,11.18091869354248,54.01400375366211,-10.0,46.546875,0.0
1989,509184000,12.410590171813965,67.99600219726562,-10.022000312805176,46.6328125,0.0
1990,509440000,12.843352317810059,63.98200225830078,-31.98000144958496,45.7421875,0.0
1991,509696000,12.446817398071289,46.018001556396484,-12.028000831604004,46.7265625,0.0
1992,509952000,13.948297500610352,64.01200103759766,-40.0260009765625,46.5625,0.0
1993,510208000,13.02808666229248,75.99800109863281,-65.99000549316406,46.59375,0.0
1994,510464000,13.769676208496094,73.96400451660156,-55.958003997802734,47.08984375,0.0
1995,510720000,13.911746978759766,37.99400329589844,-13.996000289916992,45.82421875,0.0
1996,510976000,11.599722862243652,32.040000915527344,-10.0600004196167,46.7578125,0.0
1997,511232000,13.663476943969727,71.99600219726562,-69.99600219726562,46.70703125,0.0
1998,511488000,13.078886985778809,68.01200103759766,-66.0,47.1328125,0.0
1999,511744000,13.839235305786133,79.97200012207031,-65.99000549316406,46.765625,0.0
2000,512000000,13.231172561645508,52.03600311279297,-56.02000427246094,47.16015625,0.0
2001,512256000,13.933114051818848,87.94800567626953,-75.91200256347656,47.0703125,0.0
2002,512512000,13.453953742980957,36.012001037597656,11.944000244140625,47.1640625,0.0
2003,512768000,14.280282020568848,48.00600051879883,-43.980003356933594,47.359375,0.0
2004,513024000,13.312004089355469,53.98600387573242,-23.974000930786133,46.9765625,0.0
2005,513280000,12.815668106079102,40.04600143432617,1.9300000667572021,46.32421875,0.0
2006,513536000,12.079645156860352,85.96000671386719,-67.97200012207031,46.97265625,0.0
2007,513792000,13.59665298461914,46.012001037597656,-39.992000579833984,46.3828125,0.0
2008,514048000,12.593820571899414,58.00400161743164,-32.022003173828125,46.1328125,0.0
2009,514304000,12.664399147033691,61.99800109863281,-53.99400329589844,46.44921875,0.0
2010,514560000,12.999930381774902,60.01400375366211,-48.03200149536133,46.76171875,0.0
2011,514816000,12.929414749145508,73.98400115966797,-79.96000671386719,46.6796875,0.0
2012,515072000,12.656566619873047,58.012001037597656,-40.0160026550293,46.3828125,0.0
2013,515328000,12.972277641296387,69.98400115966797,-55.96600341796875,46.6953125,0.0
2014,515584000,12.594371795654297,54.00800323486328,-22.022001266479492,47.359375,0.0
2015,515840000,13.214110374450684,62.000003814697266,-43.99800109863281,46.0625,0.0
2016,516096000,12.480180740356445,62.000003814697266,-42.0260009765625,46.46484375,0.0
2017,516352000,12.192106246948242,61.98600387573242,-68.0,46.70703125,0.0
2018,516608000,12.89008617401123,47.996002197265625,-67.94200134277344,46.40625,0.0
2019,516864000,12.351520538330078,44.02000045776367,-10.022000312805176,46.40234375,0.0
2020,517120000,12.309161186218262,63.98800277709961,-31.990001678466797,46.65625,0.0
2021,517376000,12.875614166259766,52.000003814697266,-21.98400115966797,46.9609375,0.0
2022,517632000,13.487211227416992,52.018001556396484,-6.034000396728516,46.40625,0.0
2023,517888000,12.418536186218262,69.98400115966797,-39.9640007019043,46.7890625,0.0
2024,518144000,12.984559059143066,54.006004333496094,-4.0420002937316895,46.97265625,0.0
2025,518400000,13.168566703796387,59.980003356933594,-45.93400192260742,46.96875,0.0
2026,518656000,13.765149116516113,40.01000213623047,19.968000411987305,46.10546875,0.0
2027,518912000,13.2891845703125,50.00200271606445,-12.016000747680664,47.171875,0.0
2028,519168000,13.409894943237305,52.00400161743164,-27.98000144958496,46.51953125,0.0
2029,519424000,13.147274017333984,55.99200439453125,-8.020000457763672,46.5546875,0.0
2030,519680000,11.98511791229248,48.01400375366211,-28.018001556396484,46.6875,0.0
2031,519936000,12.7277193069458,62.0160026550293,-46.052001953125,47.453125,0.0
2032,520192000,13.881828308105469,77.99400329589844,-97.95600128173828,47.2109375,0.0
2033,520448000,12.898914337158203,71.98800659179688,-53.96600341796875,47.0546875,0.0
2034,520704000,13.374598503112793,59.99200439453125,-20.0,46.44140625,0.0
2035,520960000,12.97305965423584,51.99800109863281,-19.976001739501953,47.17578125,0.0
2036,521216000,13.375351905822754,50.03600311279297,3.8960001468658447,47.4296875,0.0
2037,521472000,13.726625442504883,85.96000671386719,-99.90200805664062,46.953125,0.0
2038,521728000,13.788867950439453,46.02000045776367,-2.0360000133514404,47.3828125,0.0
2039,521984000,13.59510612487793,65.99400329589844,-37.98400115966797,47.8515625,0.0
2040,522240000,14.948442459106445,59.9900016784668,-21.998001098632812,47.4765625,0.0
2041,522496000,14.171297073364258,50.00600051879883,-19.990001678466797,46.6484375,0.0
2042,522752000,13.593544006347656,56.0260009765625,-10.058000564575195,47.39453125,0.0
2043,523008000,13.385359764099121,81.96600341796875,-67.95600128173828,46.03125,0.0
2044,523264000,12.029609680175781,48.00400161743164,-23.996000289916992,47.4140625,0.0
2045,523520000,14.292352676391602,51.996002197265625,-19.994001388549805,47.00390625,0.0
2046,523776000,13.674399375915527,48.018001556396484,-14.010000228881836,46.88671875,0.0
2047,524032000,12.294293403625488,65.96800231933594,-23.98400115966797,46.98828125,0.0
2048,524288000,13.616668701171875,34.022003173828125,-8.016000747680664,45.98046875,0.0
2049,524544000,13.097899436950684,55.99800109863281,-24.010000228881836,46.9140625,0.0
2050,524800000,13.340387344360352,54.006004333496094,-33.99400329589844,47.2109375,0.0
2051,525056000,13.88214111328125,60.00800323486328,-28.032001495361328,46.73046875,0.0
2052,525312000,13.211387634277344,67.98800659179688,-59.96800231933594,46.9921875,0.0
2053,525568000,13.659648895263672,56.0160026550293,-28.012001037597656,46.77734375,0.0
2054,525824000,13.15161418914795,72.0040054321289,-39.99800109863281,46.51953125,0.0
2055,526080000,12.422282218933105,76.0040054321289,-38.00600051879883,46.77734375,0.0
2056,526336000,12.825895309448242,79.97400665283203,-43.98200225830078,45.7265625,0.0
2057,526592000,10.599223136901855,54.00800323486328,-26.006000518798828,46.22265625,0.0
2058,526848000,12.164609909057617,62.00200271606445,-32.00800323486328,46.5546875,0.0
2059,527104000,12.709254264831543,63.98600387573242,-39.97200012207031,45.640625,0.0
2060,527360000,11.029622077941895,50.01000213623047,-12.034000396728516,46.8671875,0.0
2061,527616000,13.304906845092773,59.996002197265625,-45.9640007019043,46.71484375,0.0
2062,527872000,13.522430419921875,55.99400329589844,-9.996000289916992,46.62890625,0.0
2063,528128000,12.515750885009766,50.000003814697266,-6.000000476837158,46.703125,0.0
2064,528384000,12.641879081726074,50.02400207519531,-6.064000129699707,47.05078125,0.0
2065,528640000,13.893574714660645,73.99200439453125,-69.9800033569336,46.125,0.0
2066,528896000,12.937294006347656,65.98800659179688,-49.970001220703125,46.5390625,0.0
2067,529152000,12.731407165527344,54.00800323486328,-20.0260009765625,46.9921875,0.0
2068,529408000,13.667317390441895,62.000003814697266,-45.97800064086914,46.14453125,0.0
2069,529664000,13.01649284362793,61.97200393676758,-23.974000930786133,47.4765625,0.0
2070,529920000,13.884012222290039,34.0160026550293,2.0,47.9296875,0.0
2071,530176000,15.079462051391602,50.018001556396484,1.9500000476837158,46.7421875,0.0
2072,530432000,12.513594627380371,67.98600006103516,-47.97600173950195,47.3046875,0.0
2073,530688000,14.386630058288574,54.02000427246094,-24.016000747680664,46.9609375,0.0
2074,530944000,14.297645568847656,73.9780044555664,-39.96200180053711,47.9765625,0.0
2075,531200000,15.06480884552002,52.00200271606445,-1.9860000610351562,46.37109375,0.0
2076,531456000,13.468844413757324,53.99200439453125,11.980000495910645,46.71875,0.0
2077,531712000,13.562918663024902,46.0260009765625,-8.028000831604004,47.0625,0.0
2078,531968000,13.980820655822754,71.9800033569336,-35.980003356933594,47.2578125,0.0
2079,532224000,14.331215858459473,52.006004333496094,-16.013999938964844,47.015625,0.0
2080,532480000,13.516347885131836,57.980003356933594,-29.952001571655273,47.8046875,0.0
2081,532736000,14.238981246948242,38.00600051879883,17.98400115966797,47.875,0.0
2082,532992000,14.935812950134277,44.01400375366211,1.9600000381469727,47.09375,0.0
2083,533248000,13.250852584838867,58.00800323486328,-38.00600051879883,47.21484375,0.0
2084,533504000,14.101692199707031,65.98800659179688,-43.9640007019043,47.8828125,0.0
2085,533760000,14.230082511901855,53.99200439453125,-8.026000022888184,46.58203125,0.0
2086,534016000,13.844442367553711,46.000003814697266,-33.9900016784668,47.34375,0.0
2087,534272000,14.534274101257324,45.98600387573242,-23.972002029418945,46.9921875,0.0
2088,534528000,13.652633666992188,32.034000396728516,3.946000099182129,47.046875,0.0
2089,534784000,13.941699981689453,65.96200561523438,-49.93000411987305,47.44921875,0.0
2090,535040000,14.232911109924316,28.018001556396484,19.98000144958496,46.203125,0.0
2091,535296000,12.770149230957031,46.022003173828125,-0.02800000086426735,47.4296875,0.0
2092,535552000,13.386274337768555,68.01399993896484,-28.042001724243164,45.984375,0.0
2093,535808000,12.941625595092773,81.9520034790039,-69.94800567626953,47.1015625,0.0
2094,536064000,13.16025447845459,34.00400161743164,-18.012001037597656,46.31640625,0.0
2095,536320000,13.257254600524902,38.018001556396484,-30.00800132751465,47.0390625,0.0
2096,536576000,12.700879096984863,56.00400161743164,-37.996002197265625,47.89453125,0.0
2097,536832000,14.358684539794922,60.00400161743164,-33.9900016784668,46.84765625,0.0
2098,537088000,13.667875289916992,64.02000427246094,-24.046001434326172,46.6484375,0.0
2099,537344000,13.574504852294922,83.9800033569336,-69.96200561523438,47.03515625,0.0
2100,537600000,13.857359886169434,64.01399993896484,-32.040000915527344,46.05078125,0.0
2101,537856000,11.845734596252441,77.98600006103516,-71.93800354003906,47.0234375,0.0
2102,538112000,13.825778007507324,64.01200103759766,-10.052000045776367,46.44140625,0.0
2103,538368000,11.481422424316406,75.97600555419922,-61.96600341796875,46.171875,0.0
2104,538624000,12.43299674987793,52.0160026550293,-28.040000915527344,46.7890625,0.0
2105,538880000,11.83609390258789,68.00800323486328,-68.0,46.47265625,0.0
2106,539136000,11.9942626953125,76.0060043334961,-67.99200439453125,47.5703125,0.0
2107,539392000,14.065367698669434,81.95600128173828,-59.936004638671875,46.7578125,0.0
2108,539648000,13.027379989624023,38.013999938964844,3.9900002479553223,46.80859375,0.0
2109,539904000,13.063468933105469,51.996002197265625,-5.996000289916992,47.30078125,0.0
2110,540160000,14.030309677124023,48.012001037597656,-2.052000045776367,46.96484375,0.0
2111,540416000,13.0902738571167,59.98800277709961,-53.95600128173828,47.1640625,0.0
2112,540672000,13.517562866210938,48.000003814697266,-10.0,46.08203125,0.0
2113,540928000,11.5526762008667,48.00400161743164,-10.040000915527344,47.046875,0.0
2114,541184000,13.444887161254883,52.02400207519531,-50.01400375366211,46.7421875,0.0
2115,541440000,13.019594192504883,75.97200012207031,-63.948001861572266,46.515625,0.0
2116,541696000,13.081637382507324,47.996002197265625,-11.970000267028809,46.62109375,0.0
2117,541952000,12.68718433380127,43.99400329589844,17.988000869750977,46.48046875,0.0
2118,542208000,12.370672225952148,38.02400207519531,5.964000225067139,46.46875,0.0
2119,542464000,11.950515747070312,62.01400375366211,-30.058000564575195,47.12890625,0.0
2120,542720000,13.246930122375488,75.98800659179688,-87.97400665283203,47.56640625,0.0
2121,542976000,14.081168174743652,64.0060043334961,-61.9900016784668,46.640625,0.0
2122,543232000,13.218875885009766,70.00800323486328,-52.01000213623047,46.71484375,0.0
2123,543488000,13.343711853027344,77.96200561523438,-61.95600128173828,47.12890625,0.0
2124,543744000,13.303872108459473,40.00600051879883,-18.010000228881836,46.66015625,0.0
2125,544000000,12.48781681060791,46.0160026550293,-28.02800178527832,46.171875,0.0
2126,544256000,12.023981094360352,62.000003814697266,-55.96000289916992,46.51953125,0.0
2127,544512000,12.566754341125488,62.01200485229492,-16.058000564575195,47.03125,0.0
2128,544768000,12.913398742675781,73.97200012207031,-73.90800476074219,46.3671875,0.0
2129,545024000,12.250293731689453,46.01000213623047,17.964000701904297,46.71484375,0.0
2130,545280000,12.542645454406738,55.9900016784668,-18.00200080871582,45.76953125,0.0
2131,545536000,12.219895362854004,46.018001556396484,-20.040000915527344,46.19921875,0.0
2132,545792000,13.362125396728516,63.9900016784668,-59.94000244140625,46.5703125,0.0
2133,546048000,12.208008766174316,54.03000259399414,-0.06800000369548798,46.78125,0.0
2134,546304000,13.183371543884277,83.98400115966797,-67.96800231933594,46.59375,0.0
2135,546560000,12.961406707763672,67.97200012207031,-35.96000289916992,46.87109375,0.0
2136,546816000,13.429079055786133,40.02400207519531,4.0,46.76953125,0.0
2137,547072000,12.819894790649414,63.98600387573242,3.9880001544952393,46.5625,0.0
2138,547328000,12.402790069580078,50.01000213623047,-8.030000686645508,47.05859375,0.0
2139,547584000,12.84837532043457,59.99800109863281,-37.992000579833984,47.48046875,0.0
2140,547840000,13.564867973327637,58.00400161743164,-29.98600196838379,46.0234375,0.0
2141,548096000,12.028922080993652,62.00200271606445,-16.00400161743164,47.3203125,0.0
2142,548352000,13.605168342590332,63.970001220703125,-19.95400047302246,46.93359375,0.0
2143,548608000,13.305766105651855,34.022003173828125,25.952001571655273,47.765625,0.0
2144,548864000,14.382355690002441,55.98600387573242,-21.974000930786133,47.75,0.0
2145,549120000,13.925047874450684,42.01000213623047,3.9680001735687256,47.07421875,0.0
2146,549376000,13.190442085266113,52.00800323486328,-28.00200080871582,46.265625,0.0
2147,549632000,12.227946281433105,60.00400161743164,-29.996002197265625,47.734375,0.0
2148,549888000,13.609145164489746,63.97200393676758,-25.96200180053711,47.046875,0.0
2149,550144000,13.378406524658203,36.044002532958984,11.91200065612793,46.65625,0.0
2150,550400000,12.879301071166992,79.96200561523438,-75.91200256347656,46.59375,0.0
2151,550656000,13.273317337036133,42.0420036315918,11.944000244140625,47.046875,0.0
2152,550912000,13.152742385864258,83.9540023803711,-43.93400192260742,46.8671875,0.0
2153,551168000,13.549559593200684,38.03200149536133,21.910001754760742,46.55078125,0.0
2154,551424000,12.329078674316406,69.99000549316406,-67.9520034790039,46.5703125,0.0
2155,551680000,13.28337574005127,60.00800323486328,-20.018001556396484,47.60546875,0.0
2156,551936000,15.40446949005127,67.99400329589844,-38.00200271606445,46.953125,0.0
2157,552192000,13.624102592468262,61.99800109863281,-39.992000579833984,45.90625,0.0
2158,552448000,12.727301597595215,60.0160026550293,-32.038002014160156,47.33984375,0.0
2159,552704000,13.464231491088867,75.98400115966797,-69.97400665283203,46.44921875,0.0
2160,552960000,12.851449966430664,60.01000213623047,-43.99400329589844,46.55859375,0.0
2161,553216000,12.739145278930664,70.00800323486328,-38.02400207519531,46.9375,0.0
2162,553472000,13.60209846496582,77.98200225830078,-61.974002838134766,47.08984375,0.0
2163,553728000,14.135641098022461,59.980003356933594,-35.970001220703125,47.38671875,0.0
2164,553984000,13.058797836303711,40.038002014160156,-6.038000106811523,47.03125,0.0
2165,554240000,13.262266159057617,77.99600219726562,-44.00200271606445,46.85546875,0.0
2166,554496000,13.80820369720459,73.97400665283203,-45.9640007019043,46.81640625,0.0
2167,554752000,13.418035507202148,48.00600051879883,-10.010000228881836,47.01171875,0.0
2168,555008000,13.483555793762207,53.99800109863281,-20.020000457763672,46.49609375,0.0
2169,555264000,12.663262367248535,52.00400161743164,-40.01000213623047,47.1875,0.0
2170,555520000,11.863504409790039,56.00200271606445,-49.99400329589844,46.4453125,0.0
2171,555776000,12.085742950439453,57.98800277709961,-43.99400329589844,45.4140625,0.0
2172,556032000,11.891973495483398,46.0260009765625,-38.013999938964844,47.22265625,0.0
2173,556288000,13.239031791687012,71.97200012207031,-51.95000076293945,47.19921875,0.0
2174,556544000,13.986504554748535,44.0260009765625,-2.0360000133514404,46.76171875,0.0
2175,556800000,12.21091079711914,70.0,-38.0160026550293,46.3359375,0.0
2176,557056000,12.18333625793457,69.98600006103516,-54.00200271606445,46.46875,0.0
2177,557312000,11.927555084228516,56.00200271606445,-55.97200393676758,47.11328125,0.0
2178,557568000,13.698027610778809,57.9900016784668,-28.00400161743164,46.52734375,0.0
2179,557824000,12.508829116821289,48.00400161743164,-31.998001098632812,47.3828125,0.0
2180,558080000,13.523239135742188,52.0260009765625,-30.040000915527344,47.23046875,0.0
2181,558336000,13.324149131774902,77.99600219726562,-69.99000549316406,46.98828125,0.0
2182,558592000,13.25426197052002,73.9540023803711,-59.932003021240234,46.8671875,0.0
2183,558848000,13.608766555786133,28.024002075195312,7.988000392913818,46.97265625,0.0
2184,559104000,13.000133514404297,52.01400375366211,-4.039999961853027,46.7109375,0.0
2185,559360000,13.132243156433105,65.99800109863281,-44.00200271606445,46.6015625,0.0
2186,559616000,12.563406944274902,63.96400451660156,-45.96200180053711,46.9765625,0.0
2187,559872000,13.46753215789795,28.038002014160156,-8.050000190734863,46.83984375,0.0
2188,560128000,12.249563217163086,65.99200439453125,-58.00200271606445,46.31640625,0.0
2189,560384000,11.812825202941895,58.00400161743164,-59.98400115966797,46.546875,0.0
2190,560640000,12.136813163757324,62.00200271606445,-44.01000213623047,46.3359375,0.0
2191,560896000,12.23021125793457,64.0060043334961,-53.9900016784668,45.984375,0.0
2192,561152000,11.971090316772461,69.9800033569336,-43.96200180053711,45.0234375,0.0
2193,561408000,10.409074783325195,50.000003814697266,-6.038000106811523,47.7421875,0.0
2194,561664000,13.228633880615234,50.01000213623047,-43.992000579833984,45.671875,0.0
2195,561920000,11.395402908325195,59.99400329589844,-36.00600051879883,46.2734375,0.0
2196,562176000,12.266192436218262,53.99800109863281,-41.974002838134766,46.7421875,0.0
2197,562432000,12.833020210266113,52.00800323486328,-15.988000869750977,46.5703125,0.0
2198,562688000,13.820449829101562,59.97600173950195,-4.00600004196167,47.22265625,0.0
2199,562944000,13.956777572631836,36.013999938964844,-9.986000061035156,47.18359375,0.0
2200,563200000,13.703262329101562,50.01400375366211,3.9560000896453857,47.296875,0.0
2201,563456000,13.83832836151123,64.01399993896484,-40.01400375366211,46.2265625,0.0
2202,563712000,12.324238777160645,77.99600219726562,-53.99400329589844,46.30859375,0.0
2203,563968000,12.344860076904297,73.98600006103516,-47.96800231933594,46.8671875,0.0
2204,564224000,13.453407287597656,59.99800109863281,-15.970001220703125,47.55078125,0.0
2205,564480000,13.733118057250977,57.98200225830078,13.974000930786133,46.92578125,0.0
2206,564736000,12.477715492248535,40.0,-11.996000289916992,47.14453125,0.0
2207,564992000,13.62954330444336,40.012001037597656,-8.016000747680664,47.34375,0.0
2208,565248000,14.264148712158203,52.00200271606445,-23.9580020904541,46.96484375,0.0
2209,565504000,12.788610458374023,54.006004333496094,17.940000534057617,46.2109375,0.0
2210,565760000,12.336766242980957,60.0160026550293,-42.03200149536133,46.95703125,0.0
2211,566016000,13.162137031555176,75.99000549316406,-73.97000122070312,45.77734375,0.0
2212,566272000,11.239829063415527,65.96600341796875,-43.95000076293945,46.3515625,0.0
2213,566528000,12.785226821899414,32.012001037597656,5.984000205993652,46.83203125,0.0
2214,566784000,12.855547904968262,44.00400161743164,-10.032000541687012,46.58203125,0.0
2215,567040000,12.933758735656738,48.01000213623047,-41.9900016784668,46.58203125,0.0
2216,567296000,13.097500801086426,57.978004455566406,-31.944002151489258,46.703125,0.0
2217,567552000,12.94248104095459,36.022003173828125,23.942001342773438,47.2421875,0.0
2218,567808000,14.015379905700684,57.98600387573242,-33.95800018310547,46.86328125,0.0
2219,568064000,13.769293785095215,44.00600051879883,7.968000411987305,46.83984375,0.0
2220,568320000,13.531750679016113,50.018001556396484,-24.014001846313477,47.82421875,0.0
2221,568576000,14.03032112121582,67.9800033569336,-37.954002380371094,46.8984375,0.0
2222,568832000,13.102005004882812,48.000003814697266,7.966000556945801,47.13671875,0.0
2223,569088000,13.542485237121582,48.00800323486328,-25.98200035095215,46.60546875,0.0
2224,569344000,13.057368278503418,55.97200393676758,-8.020000457763672,46.1953125,0.0
2225,569600000,11.833754539489746,28.046001434326172,-28.042001724243164,47.11328125,0.0
2226,569856000,13.554109573364258,73.99000549316406,-69.99000549316406,47.12890625,0.0
2227,570112000,12.977684020996094,63.99200439453125,-59.97600173950195,47.44921875,0.0
2228,570368000,14.096078872680664,56.000003814697266,-35.992000579833984,47.1875,0.0
2229,570624000,12.521012306213379,56.02000427246094,-28.046001434326172,47.46484375,0.0
2230,570880000,14.000016212463379,75.9780044555664,-73.92400360107422,47.5,0.0
2231,571136000,14.013691902160645,54.01000213623047,1.9560000896453857,46.51953125,0.0
2232,571392000,12.08436393737793,63.980003356933594,-41.96600341796875,47.328125,0.0
2233,571648000,14.413661003112793,44.000003814697266,-7.960000514984131,47.39453125,0.0
2234,571904000,14.01212215423584,44.01400375366211,31.95600128173828,47.75,0.0
2235,572160000,14.415141105651855,57.98800277709961,-12.00200080871582,48.15234375,0.0
2236,572416000,15.491336822509766,46.00800323486328,-14.000000953674316,47.5703125,0.0
2237,572672000,14.640680313110352,54.00400161743164,-14.01400089263916,47.26953125,0.0
2238,572928000,14.695043563842773,57.99800109863281,-27.974000930786133,47.55859375,0.0
2239,573184000,14.424848556518555,56.018001556396484,-2.0480000972747803,46.59375,0.0
2240,573440000,13.491188049316406,73.97000122070312,-49.94600296020508,46.59765625,0.0
2241,573696000,12.493813514709473,43.9900016784668,3.9900002479553223,47.4453125,0.0
2242,573952000,14.116454124450684,34.0260009765625,-6.026000499725342,46.94921875,0.0
2243,574208000,13.383172035217285,59.9900016784668,-31.992000579833984,47.03125,0.0
2244,574464000,13.742668151855469,50.02000427246094,-24.020000457763672,47.4296875,0.0
2245,574720000,14.223544120788574,69.96800231933594,-43.944000244140625,48.2578125,0.0
2246,574976000,15.10728931427002,38.0160026550293,11.962000846862793,46.89453125,0.0
2247,575232000,13.023508071899414,54.01000213623047,-26.012001037597656,47.18359375,0.0
2248,575488000,13.09361743927002,64.01600646972656,-38.04800033569336,47.20703125,0.0
2249,575744000,12.960062980651855,79.97200012207031,-85.92200469970703,45.95703125,0.0
2250,576000000,12.087664604187012,52.006004333496094,-8.026000022888184,46.95703125,0.0
2251,576256000,13.810039520263672,58.000003814697266,-33.974002838134766,45.85546875,0.0
2252,576512000,11.35361385345459,58.006004333496094,-8.044000625610352,46.66015625,0.0
2253,576768000,13.400606155395508,63.952003479003906,-51.95000076293945,46.37109375,0.0
2254,577024000,11.663851737976074,16.046001434326172,-2.0300002098083496,45.97265625,0.0
2255,577280000,11.453316688537598,61.97200393676758,-31.9580020904541,46.33203125,0.0
2256,577536000,11.646571159362793,34.013999938964844,9.960000038146973,47.26953125,0.0
2257,577792000,13.682063102722168,48.01000213623047,-29.998001098632812,46.390625,0.0
2258,578048000,12.153129577636719,57.99200439453125,-27.98200225830078,47.01171875,0.0
2259,578304000,12.938008308410645,49.9900016784668,-9.982000350952148,46.76171875,0.0
2260,578560000,13.444199562072754,40.03200149536133,7.946000576019287,46.06640625,0.0
2261,578816000,12.331387519836426,71.98600006103516,-45.996002197265625,45.5078125,0.0
2262,579072000,11.689297676086426,58.01000213623047,-42.018001556396484,46.65234375,0.0
2263,579328000,13.484614372253418,67.97600555419922,-59.978004455566406,47.0390625,0.0
2264,579584000,13.722066879272461,43.99400329589844,-37.93800354003906,46.75390625,0.0
2265,579840000,13.132558822631836,38.03000259399414,23.952001571655273,46.609375,0.0
2266,580096000,12.879301071166992,68.00800323486328,-24.024002075195312,47.09765625,0.0
2267,580352000,13.273226737976074,75.99000549316406,-48.01000213623047,47.14453125,0.0
2268,580608000,13.061656951904297,65.99400329589844,-57.96200180053711,46.10546875,0.0
2269,580864000,12.217914581298828,59.9900016784668,-19.994001388549805,45.12890625,0.0
2270,581120000,11.383488655090332,50.00800323486328,-14.032000541687012,46.05859375,0.0
2271,581376000,12.058707237243652,58.02000427246094,-46.0160026550293,46.40625,0.0
2272,581632000,12.17253589630127,77.99400329589844,-62.02400207519531,46.48046875,0.0
2273,581888000,12.832274436950684,71.96200561523438,-85.93000030517578,47.25,0.0
2274,582144000,13.073567390441895,34.02799987792969,-16.032001495361328,46.4765625,0.0
2275,582400000,12.422344207763672,62.00800323486328,-48.0260009765625,46.38671875,0.0
2276,582656000,12.89016056060791,69.98600006103516,-73.94200134277344,46.20703125,0.0
2277,582912000,12.426664352416992,56.022003173828125,-16.06599998474121,47.24609375,0.0
2278,583168000,13.308363914489746,77.9800033569336,-81.95800018310547,47.12890625,0.0
2279,583424000,13.078875541687012,57.99800109863281,-40.012001037597656,47.66015625,0.0
2280,583680000,13.826454162597656,55.9900016784668,-51.94000244140625,46.640625,0.0
2281,583936000,12.156441688537598,46.0260009765625,7.932000160217285,45.79296875,0.0
2282,584192000,12.347832679748535,71.97400665283203,-59.96600341796875,46.39453125,0.0
2283,584448000,12.523317337036133,46.01400375366211,-26.016000747680664,46.36328125,0.0
2284,584704000,12.403075218200684,60.012001037597656,-42.012001037597656,47.44140625,0.0
2285,584960000,13.13206672668457,72.0060043334961,-54.038002014160156,46.54296875,0.0
2286,585216000,12.38647747039795,77.99600219726562,-91.9520034790039,46.37890625,0.0
2287,585472000,12.144735336303711,73.99000549316406,-43.980003356933594,46.89453125,0.0
2288,585728000,12.348203659057617,64.01200103759766,-24.046001434326172,46.81640625,0.0
2289,585984000,12.893715858459473,75.99400329589844,-69.97200012207031,46.33984375,0.0
2290,586240000,12.0785551071167,69.98800659179688,-42.00600051879883,46.73046875,0.0
2291,586496000,12.507781982421875,57.980003356933594,-47.96000289916992,46.26171875,0.0
2292,586752000,12.476910591125488,38.00200271606445,-8.004000663757324,46.96875,0.0
2293,587008000,12.823883056640625,40.022003173828125,-12.030000686645508,46.14453125,0.0
2294,587264000,12.490496635437012,61.99200439453125,-41.99800109863281,47.46875,0.0
2295,587520000,14.700465202331543,54.00200271606445,-39.96200180053711,46.69921875,0.0
2296,587776000,12.043497085571289,56.000003814697266,-2.00600004196167,46.45703125,0.0
2297,588032000,12.569180488586426,56.006004333496094,-8.03600025177002,46.29296875,0.0
2298,588288000,11.438395500183105,61.98800277709961,-43.9640007019043,46.203125,0.0
2299,588544000,12.333828926086426,49.992000579833984,-7.984000205993652,47.39453125,0.0
2300,588800000,14.12784481048584,42.00600051879883,7.964000225067139,46.765625,0.0
2301,589056000,13.066239356994629,47.996002197265625,-27.992000579833984,46.640625,0.0
2302,589312000,12.898567199707031,44.02400207519531,-20.012001037597656,46.98828125,0.0
2303,589568000,13.026836395263672,68.0,-32.0260009765625,46.71484375,0.0
2304,589824000,12.52109432220459,68.01800537109375,-58.018001556396484,47.99609375,0.0
2305,590080000,14.081555366516113,85.96800231933594,-75.95600128173828,46.89453125,0.0
2306,590336000,13.604867935180664,53.98800277709961,-31.966001510620117,46.42578125,0.0
2307,590592000,13.003726959228516,42.02800369262695,1.9340001344680786,46.52734375,0.0
2308,590848000,12.824102401733398,70.01399993896484,-64.00800323486328,46.22265625,0.0
2309,591104000,12.706680297851562,83.9780044555664,-71.95800018310547,46.4765625,0.0
2310,591360000,12.355551719665527,61.99400329589844,-29.98200225830078,46.38671875,0.0
2311,591616000,12.438593864440918,56.012001037597656,-12.042000770568848,47.046875,0.0
2312,591872000,13.531394958496094,68.00200653076172,-53.9900016784668,47.3671875,0.0
2313,592128000,13.675711631774902,69.96600341796875,-43.928001403808594,47.421875,0.0
2314,592384000,13.6046724319458,36.0160026550293,27.95600128173828,46.6640625,0.0
2315,592640000,12.809407234191895,52.00800323486328,-16.027999877929688,46.94921875,0.0
2316,592896000,13.620148658752441,60.012001037597656,-44.018001556396484,46.80078125,0.0
2317,593152000,12.675039291381836,71.98800659179688,-61.96400451660156,46.6484375,0.0
2318,593408000,11.93433666229248,59.9900016784668,-26.006000518798828,47.30859375,0.0
2319,593664000,12.676145553588867,50.012001037597656,-32.00800323486328,46.2890625,0.0
2320,593920000,13.038680076599121,61.99200439453125,-39.97800064086914,46.48046875,0.0
2321,594176000,12.65565299987793,53.99400329589844,-17.98200035095215,46.2890625,0.0
2322,594432000,12.059223175048828,48.00200271606445,-0.014000000432133675,46.61328125,0.0
2323,594688000,12.687180519104004,50.00600051879883,-13.982000350952148,45.97265625,0.0
2324,594944000,12.367504119873047,56.000003814697266,3.938000202178955,46.77734375,0.0
2325,595200000,12.683930397033691,56.0160026550293,-58.006004333496094,47.0,0.0
2326,595456000,13.01829719543457,71.99200439453125,-63.978004455566406,46.05859375,0.0
2327,595712000,11.78571891784668,63.9900016784668,-41.996002197265625,46.66796875,0.0
2328,595968000,12.347743034362793,53.99800109863281,-37.95800018310547,46.80078125,0.0
2329,596224000,12.434043884277344,52.006004333496094,3.9860002994537354,46.625,0.0
2330,596480000,12.882988929748535,57.996002197265625,-9.998000144958496,46.6640625,0.0
2331,596736000,13.058168411254883,54.00400161743164,-8.022000312805176,46.23828125,0.0
2332,596992000,12.63265323638916,57.99200439453125,-30.000001907348633,46.296875,0.0
2333,597248000,12.473313331604004,49.99400329589844,-29.988000869750977,46.96875,0.0
2334,597504000,13.128562927246094,44.00400161743164,-18.020000457763672,45.92578125,0.0
2335,597760000,12.7846097946167,48.00600051879883,-37.992000579833984,46.4921875,0.0
2336,598016000,12.238055229187012,54.00400161743164,-29.990001678466797,45.88671875,0.0
2337,598272000,12.011321067810059,58.000003814697266,-19.992000579833984,46.21875,0.0
2338,598528000,11.613422393798828,58.022003173828125,-12.040000915527344,46.38671875,0.0
2339,598784000,11.75523853302002,79.9800033569336,-51.96800231933594,46.8203125,0.0
2340,599040000,13.084578514099121,59.99400329589844,-20.036001205444336,46.2421875,0.0
2341,599296000,11.727985382080078,54.02000427246094,-55.99200439453125,46.48046875,0.0
2342,599552000,13.147570610046387,73.97400665283203,-47.96200180053711,46.51171875,0.0
2343,599808000,12.280684471130371,48.03200149536133,-10.0600004196167,45.73828125,0.0
2344,600064000,11.715387344360352,79.97000122070312,-69.95600128173828,46.22265625,0.0
2345,600320000,12.259750366210938,50.022003173828125,-26.024002075195312,47.54296875,0.0
2346,600576000,14.194461822509766,71.95600128173828,-49.92400360107422,46.88671875,0.0
2347,600832000,13.343527793884277,28.018001556396484,25.942001342773438,46.80078125,0.0
2348,601088000,13.121570587158203,46.00200271606445,-31.966001510620117,47.46484375,0.0
2349,601344000,13.599364280700684,48.00400161743164,1.9780000448226929,48.171875,0.0
2350,601600000,15.302207946777344,52.0160026550293,-20.040000915527344,46.8359375,0.0
2351,601856000,12.824344635009766,67.9780044555664,-59.96200180053711,46.38671875,0.0
2352,602112000,12.950285911560059,46.018001556396484,-22.000001907348633,47.28125,0.0
2353,602368000,14.013766288757324,63.98400115966797,-21.994001388549805,45.9375,0.0
2354,602624000,12.15719985961914,48.01400375366211,-16.052000045776367,46.875,0.0
2355,602880000,13.104825019836426,61.97200393676758,-67.94000244140625,46.8359375,0.0
2356,603136000,12.460715293884277,34.0160026550293,-8.013999938964844,46.25,0.0
2357,603392000,12.23817253112793,50.012001037597656,-22.022001266479492,46.421875,0.0
2358,603648000,12.129308700561523,61.98800277709961,-43.98800277709961,46.0703125,0.0
2359,603904000,12.531156539916992,50.00800323486328,-32.013999938964844,46.93359375,0.0
2360,604160000,12.43725872039795,57.9900016784668,-45.97600173950195,46.32421875,0.0
2361,604416000,12.197473526000977,48.03000259399414,-22.036001205444336,47.3671875,0.0
2362,604672000,14.353387832641602,77.95800018310547,-57.958003997802734,45.9453125,0.0
2363,604928000,12.273707389831543,36.044002532958984,-16.04800033569336,46.69921875,0.0
2364,605184000,12.544222831726074,79.98400115966797,-63.96800231933594,47.3359375,0.0
2365,605440000,13.795055389404297,64.0060043334961,-32.00800323486328,46.47265625,0.0
2366,605696000,11.97779369354248,70.0040054321289,-40.02000045776367,46.73046875,0.0
2367,605952000,13.206661224365234,74.0060043334961,-59.99200439453125,47.09375,0.0
2368,606208000,12.835227012634277,79.96600341796875,-51.94200134277344,46.1796875,0.0
2369,606464000,12.12553596496582,46.040000915527344,5.910000324249268,46.296875,0.0
2370,606720000,12.658797264099121,85.96000671386719,-83.96000671386719,45.8203125,0.0
2371,606976000,11.302168846130371,45.99400329589844,-43.98200225830078,46.5859375,0.0
2372,607232000,12.688094139099121,40.0420036315918,-26.040000915527344,47.12890625,0.0
2373,607488000,13.280969619750977,81.97000122070312,-65.9540023803711,46.734375,0.0
2374,607744000,12.999883651733398,51.996002197265625,-19.988000869750977,46.76953125,0.0
2375,608000000,12.883293151855469,48.00600051879883,-7.998000144958496,47.19140625,0.0
2376,608256000,13.363387107849121,53.99400329589844,-6.006000518798828,46.61328125,0.0
2377,608512000,13.468832969665527,48.00400161743164,-12.012001037597656,47.2109375,0.0
2378,608768000,13.550277709960938,52.0160026550293,-24.014001846313477,47.55859375,0.0
2379,609024000,13.04641056060791,67.98400115966797,-38.012001037597656,46.6953125,0.0
2380,609280000,12.583942413330078,51.992000579833984,-49.952003479003906,47.60546875,0.0
2381,609536000,14.490082740783691,44.00800323486328,-2.0260000228881836,46.80859375,0.0
2382,609792000,12.387504577636719,51.98400115966797,-28.00400161743164,46.85546875,0.0
2383,610048000,13.17202377319336,36.00800323486328,-31.98600196838379,47.14453125,0.0
2384,610304000,13.320446014404297,44.000003814697266,-17.996000289916992,47.0703125,0.0
2385,610560000,13.454360008239746,44.05600357055664,-14.112000465393066,47.30859375,0.0
2386,610816000,14.685887336730957,99.96200561523438,-125.89600372314453,46.87890625,0.0
2387,611072000,13.074211120605469,61.99400329589844,-22.0260009765625,47.2265625,0.0
2388,611328000,13.065742492675781,56.01400375366211,-48.02000045776367,46.484375,0.0
2389,611584000,12.403332710266113,69.98400115966797,-67.97200012207031,47.0546875,0.0
2390,611840000,13.389094352722168,54.0160026550293,-40.018001556396484,45.9765625,0.0
2391,612096000,11.860633850097656,69.9780044555664,-57.97200393676758,47.3671875,0.0
2392,612352000,13.116817474365234,48.01400375366211,-30.00400161743164,46.390625,0.0
2393,612608000,12.745707511901855,61.9900016784668,-33.97200012207031,46.60546875,0.0
2394,612864000,12.358254432678223,52.00400161743164,-6.008000373840332,46.1484375,0.0
2395,613120000,11.23943042755127,56.00200271606445,-14.03600025177002,46.76953125,0.0
2396,613376000,12.3856840133667,57.996002197265625,-50.00200271606445,45.94921875,0.0
2397,613632000,11.3516845703125,54.018001556396484,-51.992000579833984,46.265625,0.0
2398,613888000,11.47288703918457,71.96800231933594,-44.00200271606445,46.3828125,0.0
2399,614144000,11.704203605651855,40.0160026550293,-46.01000213623047,46.23046875,0.0
2400,614400000,12.782770156860352,56.01000213623047,-55.98400115966797,47.7890625,0.0
2401,614656000,14.299477577209473,65.99000549316406,-39.98800277709961,46.59375,0.0
2402,614912000,12.99614143371582,55.99400329589844,-27.98400115966797,47.1015625,0.0
2403,615168000,13.043789863586426,50.022003173828125,-12.034000396728516,47.390625,0.0
2404,615424000,13.862016677856445,71.9800033569336,-45.96200180053711,46.25390625,0.0
2405,615680000,12.598125457763672,52.01400375366211,-8.030000686645508,47.08203125,0.0
2406,615936000,13.06567668914795,65.97400665283203,-37.9640007019043,46.109375,0.0
2407,616192000,12.33729362487793,39.996002197265625,-2.00600004196167,47.05078125,0.0
2408,616448000,13.689465522766113,36.02799987792969,-8.044000625610352,46.5546875,0.0
2409,616704000,11.750195503234863,63.9900016784668,-51.98800277709961,46.3125,0.0
2410,616960000,11.946083068847656,54.01000213623047,-40.02400207519531,46.578125,0.0
2411,617216000,12.716375350952148,63.99200439453125,-63.96200180053711,48.1015625,0.0
2412,617472000,14.245481491088867,56.0160026550293,-26.04400062561035,47.05859375,0.0
2413,617728000,13.632887840270996,71.97600555419922,-69.91600036621094,47.1328125,0.0
2414,617984000,13.706743240356445,48.02400207519531,13.964000701904297,47.10546875,0.0
2415,618240000,13.418106079101562,71.98200225830078,-21.988000869750977,47.23828125,0.0
2416,618496000,13.554910659790039,54.03000259399414,-10.026000022888184,47.37890625,0.0
2417,618752000,13.776968955993652,83.97200775146484,-35.97200012207031,46.890625,0.0
2418,619008000,13.402504920959473,56.018001556396484,-8.013999938964844,46.953125,0.0
2419,619264000,13.562294006347656,73.97400665283203,-21.98600196838379,47.4140625,0.0
2420,619520000,13.354793548583984,48.03200149536133,-8.044000625610352,46.55078125,0.0
2421,619776000,12.679055213928223,79.99000549316406,-51.99800109863281,45.7421875,0.0
2422,620032000,12.046770095825195,70.0040054321289,-50.02400207519531,45.66796875,0.0
2423,620288000,11.94060230255127,74.0,-73.98600006103516,45.5234375,0.0
2424,620544000,11.137164115905762,73.98400115966797,-60.012001037597656,45.97265625,0.0
2425,620800000,11.582414627075195,58.012001037597656,-71.97400665283203,45.8203125,0.0
2426,621056000,11.964289665222168,69.99600219726562,-46.018001556396484,46.23046875,0.0
2427,621312000,11.4110746383667,65.9780044555664,-63.94600296020508,46.3046875,0.0
2428,621568000,12.328207969665527,44.022003173828125,-10.030000686645508,46.625,0.0
2429,621824000,12.410660743713379,65.98800659179688,-39.97800064086914,46.453125,0.0
2430,622080000,12.913344383239746,54.00400161743164,-18.016000747680664,45.96484375,0.0
2431,622336000,12.196887016296387,57.96800231933594,-33.95600128173828,47.3125,0.0
2432,622592000,13.768231391906738,26.046001434326172,9.932000160217285,46.79296875,0.0
2433,622848000,12.469597816467285,71.99800109863281,-58.00200271606445,47.18359375,0.0
2434,623104000,13.315719604492188,69.97200012207031,-59.974002838134766,46.3984375,0.0
2435,623360000,12.629895210266113,42.01000213623047,-33.97600173950195,46.9296875,0.0
2436,623616000,13.61798095703125,51.980003356933594,-9.980000495910645,47.51171875,0.0
2437,623872000,14.409801483154297,32.04600143432617,9.932000160217285,47.30859375,0.0
2438,624128000,14.053488731384277,77.98800659179688,-58.00200271606445,47.01171875,0.0
2439,624384000,12.854445457458496,65.98400115966797,-59.98200225830078,46.49609375,0.0
2440,624640000,11.83303165435791,50.01000213623047,-41.98800277709961,46.98828125,0.0
2441,624896000,12.832019805908203,60.01000213623047,-30.030000686645508,46.8515625,0.0
2442,625152000,12.82005500793457,69.99600219726562,-59.95600128173828,46.1796875,0.0
2443,625408000,12.56252384185791,66.0060043334961,-16.032001495361328,46.41796875,0.0
2444,625664000,12.584859848022461,71.95800018310547,-47.94200134277344,46.015625,0.0
2445,625920000,11.509016036987305,30.046001434326172,9.942000389099121,46.68359375,0.0
2446,626176000,12.71173095703125,75.99200439453125,-48.012001037597656,47.12890625,0.0
2447,626432000,13.503778457641602,67.98600006103516,-59.96000289916992,47.21484375,0.0
2448,626688000,13.375411033630371,54.00800323486328,-20.02400016784668,47.24609375,0.0
2449,626944000,13.784395217895508,61.99400329589844,-43.98800277709961,46.66796875,0.0
2450,627200000,13.0230712890625,56.006004333496094,-32.0,46.16015625,0.0
2451,627456000,12.655777931213379,62.02000427246094,-32.00600051879883,46.921875,0.0
2452,627712000,12.184426307678223,81.9520034790039,-37.96200180053711,46.7421875,0.0
2453,627968000,13.015246391296387,34.022003173828125,-0.030000001192092896,46.8046875,0.0
2454,628224000,12.63704776763916,56.000003814697266,-30.000001907348633,47.46875,0.0
2455,628480000,12.96419620513916,55.99400329589844,-29.992000579833984,46.3671875,0.0
2456,628736000,12.31691837310791,50.012001037597656,-22.012001037597656,46.39453125,0.0
2457,628992000,12.828640937805176,62.000003814697266,-34.0,46.87890625,0.0
2458,629248000,13.344066619873047,61.99200439453125,-33.996002197265625,47.23828125,0.0
2459,629504000,13.659648895263672,54.00400161743164,-29.98600196838379,46.62890625,0.0
2460,629760000,13.152125358581543,57.98800277709961,-15.982000350952148,47.296875,0.0
2461,630016000,12.933676719665527,46.0160026550293,1.9620001316070557,47.1875,0.0
2462,630272000,13.014387130737305,61.980003356933594,-35.97800064086914,45.703125,0.0
2463,630528000,11.779356002807617,42.00600051879883,-14.010000228881836,47.21875,0.0
2464,630784000,13.790118217468262,48.000003814697266,-23.946001052856445,48.18359375,0.0
2465,631040000,14.842887878417969,48.0260009765625,29.910001754760742,47.41796875,0.0
2466,631296000,13.97884464263916,73.97000122070312,-59.95600128173828,45.78125,0.0
2467,631552000,12.356828689575195,44.01400375366211,-16.013999938964844,46.765625,0.0
2468,631808000,13.714258193969727,57.98600387573242,-30.006000518798828,46.421875,0.0
2469,632064000,13.129844665527344,44.02000045776367,-36.0,47.890625,0.0
2470,632320000,14.065836906433105,63.978004455566406,-35.96600341796875,46.8828125,0.0
2471,632576000,13.496816635131836,42.02800369262695,-2.065999984741211,47.3828125,0.0
2472,632832000,14.219062805175781,69.97200012207031,-67.9280014038086,47.66796875,0.0
2473,633088000,14.52955150604248,41.98800277709961,3.996000289916992,46.24609375,0.0
2474,633344000,12.83212947845459,30.02800178527832,-0.03200000151991844,46.74609375,0.0
2475,633600000,12.92950439453125,57.99200439453125,-31.992000579833984,47.37890625,0.0
2476,633856000,12.746453285217285,50.02400207519531,-24.032001495361328,47.09375,0.0
2477,634112000,13.106433868408203,73.98400115966797,-55.952003479003906,47.38671875,0.0
2478,634368000,14.07046127319336,58.00200271606445,-8.044000625610352,47.19921875,0.0
2479,634624000,14.2184419631958,59.996002197265625,-51.96200180053711,47.46875,0.0
2480,634880000,13.910332679748535,55.99200439453125,-13.994000434875488,47.48046875,0.0
2481,635136000,14.085332870483398,48.01000213623047,-8.032000541687012,46.80859375,0.0
2482,635392000,13.479981422424316,57.99800109863281,-39.96200180053711,46.3671875,0.0
2483,635648000,12.992762565612793,56.006004333496094,-2.0340001583099365,46.81640625,0.0
2484,635904000,13.567188262939453,61.99400329589844,-35.9900016784668,47.57421875,0.0
2485,636160000,14.347625732421875,55.996002197265625,-25.992000579833984,47.48046875,0.0
2486,636416000,14.317391395568848,51.98800277709961,-17.968000411987305,48.1484375,0.0
2487,636672000,15.299880027770996,40.052001953125,13.918000221252441,47.62890625,0.0
2488,636928000,14.398012161254883,91.95000457763672,-67.94000244140625,47.6953125,0.0
2489,637184000,13.972461700439453,42.0160026550293,-8.038000106811523,46.71484375,0.0
2490,637440000,13.776535987854004,58.012001037597656,-46.02400207519531,47.18359375,0.0
2491,637696000,12.968477249145508,69.99600219726562,-69.97400665283203,46.78125,0.0
2492,637952000,12.695301055908203,65.99800109863281,-44.00800323486328,46.5703125,0.0
2493,638208000,12.68269157409668,64.01200103759766,-52.00200271606445,45.52734375,0.0
2494,638464000,11.780313491821289,75.99600219726562,-54.006004333496094,45.8203125,0.0
2495,638720000,10.845191955566406,71.96800231933594,-59.96800231933594,46.20703125,0.0
2496,638976000,12.284473419189453,40.00400161743164,-28.00800132751465,46.36328125,0.0
2497,639232000,11.603446006774902,43.996002197265625,-35.94000244140625,47.375,0.0
2498,639488000,13.48364543914795,40.0,23.97800064086914,46.53515625,0.0
2499,639744000,12.754058837890625,40.00800323486328,1.996000051498413,46.36328125,0.0
2500,640000000,12.90591049194336,48.03000259399414,-2.072000026702881,46.80859375,0.0
2501,640256000,12.566489219665527,77.98200225830078,-73.95800018310547,46.8125,0.0
2502,640512000,12.648547172546387,59.99800109863281,-31.998001098632812,46.71484375,0.0
2503,640768000,12.757781982421875,58.00200271606445,-29.970001220703125,46.31640625,0.0
2504,641024000,12.727227210998535,60.00800323486328,-0.052000001072883606,47.109375,0.0
2505,641280000,13.390363693237305,67.99400329589844,-52.000003814697266,47.296875,0.0
2506,641536000,13.128594398498535,62.000003814697266,-51.980003356933594,46.6015625,0.0
2507,641792000,12.817137718200684,61.996002197265625,-32.00200271606445,46.91015625,0.0
2508,642048000,13.547578811645508,58.00400161743164,-33.992000579833984,47.859375,0.0
2509,642304000,14.250055313110352,61.98600387573242,-25.96200180053711,47.44921875,0.0
2510,642560000,14.303293228149414,48.03600311279297,11.908000946044922,46.83203125,0.0
2511,642816000,12.911730766296387,83.96200561523438,-79.94000244140625,47.71875,0.0
2512,643072000,14.482121467590332,46.01400375366211,-20.034000396728516,46.15625,0.0
2513,643328000,12.231094360351562,60.0260009765625,-54.00400161743164,46.9140625,0.0
2514,643584000,12.855844497680664,85.9540023803711,-57.94600296020508,46.95703125,0.0
2515,643840000,13.229558944702148,39.996002197265625,-3.994000196456909,46.1796875,0.0
2516,644096000,12.321160316467285,36.05400085449219,1.9180001020431519,47.09375,0.0
2517,644352000,13.1676607131958,89.9320068359375,-79.90800476074219,47.125,0.0
2518,644608000,12.859469413757324,22.042001724243164,11.950000762939453,47.08203125,0.0
2519,644864000,12.954156875610352,63.98200225830078,-38.0,46.875,0.0
2520,645120000,13.983590126037598,46.0260009765625,-38.00400161743164,47.01953125,0.0
2521,645376000,13.19869613647461,71.9780044555664,-42.01400375366211,46.86328125,0.0
2522,645632000,12.676039695739746,50.03000259399414,-56.01000213623047,46.59375,0.0
2523,645888000,12.932907104492188,79.99800109863281,-66.00200653076172,46.12109375,0.0
2524,646144000,12.246769905090332,77.98200225830078,-67.94600677490234,46.4921875,0.0
2525,646400000,12.921844482421875,60.000003814697266,-14.018000602722168,47.15234375,0.0
2526,646656000,12.89100456237793,60.018001556396484,-32.05000305175781,46.6875,0.0
2527,646912000,13.269351959228516,77.9780044555664,-81.94000244140625,46.27734375,0.0
2528,647168000,13.090601921081543,56.00400161743164,-22.000001907348633,47.1015625,0.0
2529,647424000,13.846399307250977,59.99400329589844,-22.00400161743164,46.390625,0.0
2530,647680000,12.589914321899414,54.02000427246094,-26.038002014160156,46.9921875,0.0
2531,647936000,12.65886402130127,73.9780044555664,-63.97600173950195,45.34375,0.0
2532,648192000,11.368230819702148,52.00800323486328,-39.986000061035156,46.3515625,0.0
2533,648448000,12.409770011901855,60.00200271606445,-26.00800132751465,45.75390625,0.0
2534,648704000,12.024730682373047,61.99400329589844,-34.0,46.38671875,0.0
2535,648960000,13.315285682678223,56.048004150390625,-34.082000732421875,46.625,0.0
2536,649216000,12.194504737854004,103.96400451660156,-115.9320068359375,46.125,0.0
2537,649472000,11.38835620880127,67.98200225830078,-48.01400375366211,46.93359375,0.0
2538,649728000,13.023844718933105,50.02000427246094,-61.98200225830078,47.015625,0.0
2539,649984000,13.430070877075195,69.99400329589844,-43.97600173950195,47.35546875,0.0
2540,650240000,13.811863899230957,63.996002197265625,-20.016000747680664,46.69921875,0.0
2541,650496000,13.176469802856445,60.000003814697266,-36.00800323486328,47.28515625,0.0
2542,650752000,13.86351203918457,60.012001037597656,-44.034000396728516,47.46484375,0.0
2543,651008000,14.092571258544922,71.98400115966797,-77.96600341796875,46.6953125,0.0
2544,651264000,12.914238929748535,56.006004333496094,-43.980003356933594,46.30078125,0.0
2545,651520000,13.090539932250977,62.01000213623047,-24.062000274658203,47.47265625,0.0
2546,651776000,13.78569221496582,71.9540023803711,-85.92400360107422,47.05859375,0.0
2547,652032000,14.318153381347656,26.024002075195312,-10.018000602722168,46.05078125,0.0
2548,652288000,12.159801483154297,50.0260009765625,-28.052001953125,46.67578125,0.0
2549,652544000,11.80630111694336,75.9800033569336,-79.91600036621094,47.6875,0.0
2550,652800000,13.415617942810059,55.98400115966797,3.9880001544952393,46.0703125,0.0
2551,653056000,11.068489074707031,40.00600051879883,-7.994000434875488,47.25390625,0.0
2552,653312000,13.149700164794922,46.012001037597656,-2.002000093460083,47.578125,0.0
2553,653568000,14.409055709838867,58.01000213623047,-4.016000270843506,46.7421875,0.0
2554,653824000,13.307398796081543,67.97200012207031,-19.976001739501953,45.9296875,0.0
2555,654080000,12.114262580871582,40.00800323486328,3.9560000896453857,46.77734375,0.0
2556,654336000,13.092700004577637,48.00600051879883,-39.99800109863281,46.27734375,0.0
2557,654592000,12.043805122375488,53.99200439453125,-37.96600341796875,46.3671875,0.0
2558,654848000,12.877848625183105,46.0160026550293,-4.052000045776367,46.140625,0.0
2559,655104000,11.820727348327637,61.974002838134766,-55.95000076293945,46.03125,0.0
2560,655360000,12.234758377075195,36.00800323486328,-5.964000225067139,46.2265625,0.0
2561,655616000,12.617539405822754,44.02000045776367,29.950000762939453,46.1328125,0.0
2562,655872000,12.968672752380371,63.9900016784668,-20.02400016784668,46.86328125,0.0
2563,656128000,12.891969680786133,54.01400375366211,-44.000003814697266,47.921875,0.0
2564,656384000,14.232793807983398,68.0260009765625,-44.05800247192383,46.62890625,0.0
2565,656640000,12.651387214660645,93.9520034790039,-101.90800476074219,46.30859375,0.0
2566,656896000,11.696653366088867,46.00600051879883,-10.00200080871582,47.0703125,0.0
2567,657152000,13.034184455871582,52.038002014160156,-12.106000900268555,46.125,0.0
2568,657408000,12.063668251037598,89.9540023803711,-117.91800689697266,46.515625,0.0
2569,657664000,13.230430603027344,44.022003173828125,-36.02799987792969,46.82421875,0.0
2570,657920000,13.190305709838867,65.99000549316406,-63.980003356933594,45.8984375,0.0
2571,658176000,12.089653015136719,56.02000427246094,-43.992000579833984,46.49609375,0.0
2572,658432000,11.899816513061523,75.96600341796875,-35.9900016784668,46.94140625,0.0
2573,658688000,13.27541446685791,42.02800369262695,-26.00800132751465,45.39453125,0.0
2574,658944000,11.3471097946167,69.97400665283203,-33.95800018310547,45.453125,0.0
2575,659200000,10.801945686340332,44.00200271606445,7.978000164031982,46.51953125,0.0
2576,659456000,11.965290069580078,46.012001037597656,-14.024001121520996,46.6875,0.0
2577,659712000,12.410715103149414,58.006004333496094,-38.00800323486328,46.734375,0.0
2578,659968000,12.96823501586914,63.99400329589844,-45.9900016784668,46.421875,0.0
2579,660224000,12.453152656555176,58.018001556396484,-36.03200149536133,46.9296875,0.0
2580,660480000,12.481289863586426,75.96800231933594,-67.93600463867188,47.078125,0.0
2581,660736000,13.3009614944458,44.022003173828125,-4.034000396728516,46.75,0.0
2582,660992000,13.48131275177002,66.0060043334961,-38.00800323486328,47.25390625,0.0
2583,661248000,14.323407173156738,72.0,-46.000003814697266,47.140625,0.0
2584,661504000,13.511360168457031,71.98800659179688,-45.99400329589844,47.41015625,0.0
2585,661760000,13.15221118927002,60.00400161743164,-40.01000213623047,46.92578125,0.0
2586,662016000,13.019113540649414,64.0040054321289,-50.01000213623047,46.59375,0.0
2587,662272000,12.60155963897705,67.98200225830078,-59.96200180053711,46.859375,0.0
2588,662528000,12.599226951599121,50.02000427246094,-22.020000457763672,47.4921875,0.0
2589,662784000,14.167613983154297,69.97600555419922,-41.97800064086914,47.45703125,0.0
2590,663040000,13.811375617980957,46.00200271606445,-20.016000747680664,46.99609375,0.0
2591,663296000,12.685832977294922,48.000003814697266,-36.00200271606445,45.875,0.0
2592,663552000,11.02086353302002,48.01000213623047,-37.98400115966797,46.296875,0.0
2593,663808000,12.352602005004883,58.00200271606445,-22.00400161743164,47.0546875,0.0
2594,664064000,13.389508247375488,59.99400329589844,-25.972002029418945,46.65625,0.0
2595,664320000,12.273289680480957,53.99200439453125,1.9880000352859497,46.30859375,0.0
2596,664576000,12.125886917114258,46.000003814697266,-10.004000663757324,46.8359375,0.0
2597,664832000,13.011183738708496,46.01000213623047,-14.032000541687012,46.0234375,0.0
2598,665088000,12.475602149963379,55.99200439453125,-45.98200225830078,45.87109375,0.0
2599,665344000,11.516586303710938,48.0160026550293,-28.012001037597656,46.5703125,0.0
2600,665600000,12.476778030395508,64.01000213623047,-39.99800109863281,46.46484375,0.0
2601,665856000,12.691633224487305,73.99400329589844,-38.013999938964844,46.58203125,0.0
2602,666112000,12.916324615478516,67.9780044555664,-51.98600387573242,45.984375,0.0
2603,666368000,11.274703979492188,46.02000045776367,-37.996002197265625,46.47265625,0.0
2604,666624000,12.538379669189453,65.98600006103516,-33.97800064086914,46.16796875,0.0
2605,666880000,11.856590270996094,51.996002197265625,-11.97800064086914,47.1015625,0.0
2606,667136000,12.976371765136719,48.02400207519531,9.918000221252441,46.40625,0.0
2607,667392000,12.785711288452148,71.98200225830078,-71.96600341796875,46.85546875,0.0
2608,667648000,13.339024543762207,54.02000427246094,-38.02800369262695,46.8828125,0.0
2609,667904000,12.52104377746582,73.9780044555664,-65.96400451660156,47.40234375,0.0
2610,668160000,14.029297828674316,52.018001556396484,-30.03400230407715,45.74609375,0.0
2611,668416000,12.078664779663086,69.97600555419922,-63.96400451660156,46.93359375,0.0
2612,668672000,12.616605758666992,46.00200271606445,-27.988000869750977,45.984375,0.0
2613,668928000,12.035558700561523,48.022003173828125,-16.046001434326172,46.78515625,0.0
2614,669184000,12.43710994720459,69.98200225830078,-61.970001220703125,46.625,0.0
2615,669440000,12.047562599182129,52.012001037597656,-32.02000045776367,46.5,0.0
2616,669696000,12.735774040222168,63.99400329589844,-51.980003356933594,47.51171875,0.0
2617,669952000,14.132122039794922,58.006004333496094,-32.01000213623047,47.18359375,0.0
2618,670208000,13.438547134399414,64.01000213623047,-42.02400207519531,45.73046875,0.0
2619,670464000,10.584399223327637,73.95600128173828,-65.93000030517578,46.78515625,0.0
2620,670720000,12.948715209960938,30.04400062561035,3.9200000762939453,46.48828125,0.0
2621,670976000,12.444734573364258,73.98400115966797,-75.94600677490234,46.49609375,0.0
2622,671232000,11.8681058883667,57.99400329589844,-22.014001846313477,46.51171875,0.0
2623,671488000,12.783539772033691,52.012001037597656,-35.992000579833984,45.5625,0.0
2624,671744000,11.16953182220459,64.0060043334961,-28.040000915527344,46.45703125,0.0
2625,672000000,12.729637145996094,70.0040054321289,-67.98200225830078,46.01953125,0.0
2626,672256000,11.897836685180664,73.97400665283203,-49.97800064086914,46.00390625,0.0
2627,672512000,11.298742294311523,48.0160026550293,-28.032001495361328,47.1875,0.0
2628,672768000,13.162094116210938,63.980003356933594,-59.94000244140625,45.8515625,0.0
2629,673024000,11.196320533752441,43.996002197265625,-0.030000001192092896,46.70703125,0.0
2630,673280000,12.204254150390625,40.03200149536133,-30.040000915527344,47.50390625,0.0
2631,673536000,13.331133842468262,71.98200225830078,-69.96800231933594,46.25,0.0
2632,673792000,12.432621955871582,53.98800277709961,-37.980003356933594,45.9609375,0.0
2633,674048000,11.461371421813965,42.00200271606445,-18.016000747680664,46.96484375,0.0
2634,674304000,11.895031929016113,43.98400115966797,-33.93600082397461,46.94921875,0.0
2635,674560000,12.395859718322754,28.04400062561035,29.908000946044922,47.48828125,0.0
2636,674816000,13.722476959228516,71.97200012207031,-61.94400405883789,47.15625,0.0
2637,675072000,13.542390823364258,44.01000213623047,-6.020000457763672,46.81640625,0.0
2638,675328000,12.964934349060059,54.00200271606445,-26.000001907348633,46.84375,0.0
2639,675584000,13.056410789489746,56.012001037597656,-26.032001495361328,47.64453125,0.0
2640,675840000,14.77520751953125,67.97400665283203,-57.96400451660156,46.8671875,0.0
2641,676096000,12.639863967895508,42.0160026550293,-22.022001266479492,46.40625,0.0
2642,676352000,11.880609512329102,57.980003356933594,-43.954002380371094,46.8046875,0.0
2643,676608000,13.582137107849121,38.02400207519531,1.9380000829696655,46.4921875,0.0
2644,676864000,13.686524391174316,61.996002197265625,-59.970001220703125,46.15625,0.0
2645,677120000,12.710883140563965,58.006004333496094,-29.994001388549805,46.5078125,0.0
2646,677376000,12.657344818115234,63.980003356933594,-23.98200035095215,46.8984375,0.0
2647,677632000,13.748668670654297,44.03200149536133,-6.062000274658203,46.2734375,0.0
2648,677888000,12.419289588928223,75.97600555419922,-67.94600677490234,47.3671875,0.0
2649,678144000,13.737859725952148,52.00200271606445,-14.020000457763672,47.28515625,0.0
2650,678400000,13.31594181060791,54.00400161743164,-34.00600051879883,46.609375,0.0
2651,678656000,12.851226806640625,57.9900016784668,-39.98200225830078,46.27734375,0.0
2652,678912000,12.515993118286133,47.98800277709961,-21.952001571655273,46.87890625,0.0
2653,679168000,12.882765769958496,36.01000213623047,25.942001342773438,46.47265625,0.0
2654,679424000,12.836274147033691,46.00800323486328,-32.00400161743164,46.46875,0.0
2655,679680000,13.172043800354004,54.00800323486328,-35.970001220703125,47.0625,0.0
2656,679936000,13.340336799621582,62.000003814697266,-6.022000312805176,47.1953125,0.0
2657,680192000,13.830414772033691,62.006004333496094,-28.032001495361328,46.3203125,0.0
2658,680448000,12.215152740478516,67.99800109863281,-59.97200393676758,47.08203125,0.0
2659,680704000,12.522473335266113,65.99000549316406,-32.01000213623047,46.03125,0.0
2660,680960000,11.55874252319336,56.018001556396484,-42.01000213623047,46.13671875,0.0
2661,681216000,11.707496643066406,73.9540023803711,-51.94600296020508,46.21875,0.0
2662,681472000,12.172852516174316,28.012001037597656,1.968000054359436,46.71484375,0.0
2663,681728000,13.146594047546387,40.02000045776367,-30.024002075195312,46.23046875,0.0
2664,681984000,11.305976867675781,59.99800109863281,-53.980003356933594,46.44140625,0.0
2665,682240000,12.592867851257324,58.012001037597656,-34.02000045776367,45.6953125,0.0
2666,682496000,11.711223602294922,69.9780044555664,-53.96000289916992,45.9375,0.0
2667,682752000,11.996996879577637,48.02000045776367,-14.016000747680664,46.890625,0.0
2668,683008000,12.898090362548828,68.0040054321289,-30.00400161743164,46.6796875,0.0
2669,683264000,12.550493240356445,71.98400115966797,-34.013999938964844,46.2890625,0.0
2670,683520000,12.262687683105469,55.99800109863281,-48.00200271606445,47.0,0.0
2671,683776000,13.231390953063965,53.98600387573242,-49.95600128173828,47.1484375,0.0
2672,684032000,14.151070594787598,40.012001037597656,-5.998000144958496,46.7109375,0.0
2673,684288000,12.880199432373047,52.0160026550293,-4.039999961853027,47.515625,0.0
2674,684544000,14.170414924621582,67.97000122070312,-43.94600296020508,46.34375,0.0
2675,684800000,12.71173095703125,38.013999938964844,9.968000411987305,47.50390625,0.0
2676,685056000,13.502699851989746,52.022003173828125,-22.064001083374023,46.1640625,0.0
2677,685312000,12.297496795654297,74.01600646972656,-85.99800109863281,46.35546875,0.0
2678,685568000,12.917656898498535,89.9780044555664,-83.9540023803711,46.70703125,0.0
2679,685824000,12.604637145996094,67.97200012207031,-37.97600173950195,46.0546875,0.0
2680,686080000,11.775160789489746,40.03000259399414,-14.012001037597656,47.58984375,0.0
2681,686336000,13.494738578796387,69.99800109863281,-26.020000457763672,46.6953125,0.0
2682,686592000,12.142070770263672,68.00800323486328,-46.018001556396484,47.125,0.0
2683,686848000,13.584980964660645,75.99000549316406,-64.0,46.84375,0.0
2684,687104000,12.628868103027344,65.99600219726562,-63.98200225830078,46.5234375,0.0
2685,687360000,12.589656829833984,62.00400161743164,-45.992000579833984,46.24609375,0.0
2686,687616000,12.40282917022705,66.02000427246094,-38.03600311279297,45.96484375,0.0
2687,687872000,12.887922286987305,85.9800033569336,-73.98400115966797,47.6328125,0.0
2688,688128000,14.089282035827637,66.0,-57.996002197265625,46.5625,0.0
2689,688384000,13.52597713470459,65.98600006103516,-53.970001220703125,46.09765625,0.0
2690,688640000,12.160656929016113,52.02800369262695,-24.042001724243164,46.86328125,0.0
2691,688896000,12.660571098327637,79.98600006103516,-65.96400451660156,46.79296875,0.0
2692,689152000,13.075770378112793,65.99000549316406,-29.996002197265625,47.484375,0.0
2693,689408000,14.624344825744629,56.01000213623047,-26.022001266479492,47.3828125,0.0
2694,689664000,13.966973304748535,66.0040054321289,-48.044002532958984,46.578125,0.0
2695,689920000,12.191817283630371,69.98800659179688,-91.92200469970703,46.60546875,0.0
2696,690176000,12.601778030395508,57.99800109863281,-13.976000785827637,46.76171875,0.0
2697,690432000,12.815781593322754,56.00400161743164,9.940000534057617,46.11328125,0.0
2698,690688000,12.191023826599121,60.00200271606445,-49.9900016784668,46.3984375,0.0
2699,690944000,11.810035705566406,61.98800277709961,-39.992000579833984,47.55859375,0.0
2700,691200000,13.249074935913086,49.98600387573242,-31.96000099182129,46.390625,0.0
2701,691456000,12.324769973754883,36.03600311279297,7.938000202178955,47.2109375,0.0
2702,691712000,12.874902725219727,72.00200653076172,-54.000003814697266,46.55078125,0.0
2703,691968000,12.778645515441895,73.99200439453125,-53.97200393676758,47.1796875,0.0
2704,692224000,14.077742576599121,66.00800323486328,-26.0260009765625,47.28125,0.0
2705,692480000,13.695637702941895,74.00200653076172,-52.018001556396484,46.921875,0.0
2706,692736000,14.017523765563965,75.98600006103516,-69.97400665283203,45.93359375,0.0
2707,692992000,12.012309074401855,61.98200225830078,-43.97600173950195,46.65625,0.0
2708,693248000,12.602094650268555,44.000003814697266,-19.974000930786133,46.47265625,0.0
2709,693504000,13.133844375610352,44.000003814697266,6.008000373840332,47.3984375,0.0
2710,693760000,14.163528442382812,44.01400375366211,13.944000244140625,47.46484375,0.0
2711,694016000,13.627699851989746,58.0260009765625,-42.022003173828125,46.921875,0.0
2712,694272000,12.423754692077637,84.0040054321289,-64.02400207519531,47.74609375,0.0
2713,694528000,14.29964542388916,87.97000122070312,-87.9020004272461,46.5859375,0.0
2714,694784000,13.164192199707031,57.978004455566406,9.972000122070312,46.73046875,0.0
2715,695040000,13.291790008544922,36.018001556396484,-18.02400016784668,45.9375,0.0
2716,695296000,12.113707542419434,53.996002197265625,-41.99400329589844,46.10546875,0.0
2717,695552000,12.537321090698242,50.012001037597656,-36.0260009765625,45.57421875,0.0
2718,695808000,10.799602508544922,62.00800323486328,-61.98800277709961,46.78125,0.0
2719,696064000,13.521957397460938,69.98200225830078,-49.95600128173828,46.46875,0.0
2720,696320000,12.042414665222168,52.000003814697266,-6.03000020980835,45.91015625,0.0
2721,696576000,11.48863697052002,52.0260009765625,-36.02400207519531,46.0703125,0.0
2722,696832000,11.843551635742188,77.9800033569336,-59.99200439453125,46.22265625,0.0
2723,697088000,11.6456880569458,57.99800109863281,-51.97600173950195,46.80078125,0.0
2724,697344000,12.800504684448242,56.00400161743164,-28.01000213623047,46.5546875,0.0
2725,697600000,12.523019790649414,60.006004333496094,-38.022003173828125,46.34375,0.0
2726,697856000,12.105578422546387,66.01200103759766,-60.00800323486328,46.55859375,0.0
2727,698112000,12.214953422546387,78.0,-68.02000427246094,46.421875,0.0
2728,698368000,12.324501037597656,77.98600006103516,-87.92000579833984,46.5859375,0.0
2729,698624000,12.606539726257324,64.0,-8.039999961853027,46.57421875,0.0
2730,698880000,13.675422668457031,64.00200653076172,-48.012001037597656,46.8046875,0.0
2731,699136000,13.315004348754883,65.98800659179688,-59.96200180053711,46.24609375,0.0
2732,699392000,11.915204048156738,54.0160026550293,-21.990001678466797,46.5546875,0.0
2733,699648000,13.055180549621582,69.98600006103516,-12.022000312805176,47.47265625,0.0
2734,699904000,13.546426773071289,55.97600173950195,-33.95000076293945,47.12890625,0.0
2735,700160000,13.096969604492188,32.0160026550293,15.958001136779785,46.640625,0.0
2736,700416000,12.409098625183105,48.03000259399414,-26.042001724243164,46.24609375,0.0
2737,700672000,11.352344512939453,77.97000122070312,-67.9320068359375,46.21484375,0.0
2738,700928000,12.133262634277344,48.01000213623047,-0.006000000052154064,46.15234375,0.0
2739,701184000,12.582118034362793,58.00800323486328,-6.008000373840332,46.51171875,0.0
2740,701440000,12.66696548461914,65.96600341796875,-13.982000350952148,46.37890625,0.0
2741,701696000,11.664039611816406,32.0260009765625,3.9660000801086426,45.74609375,0.0
2742,701952000,11.642047882080078,58.00800323486328,-30.00800132751465,46.47265625,0.0
2743,702208000,13.061738967895508,65.97400665283203,-37.97600173950195,46.4765625,0.0
2744,702464000,12.301801681518555,40.02800369262695,-14.0260009765625,46.8046875,0.0
2745,702720000,13.32005500793457,67.97200012207031,-39.96200180053711,46.359375,0.0
2746,702976000,13.061785697937012,40.03000259399414,-2.062000036239624,46.5546875,0.0
2747,703232000,12.34873104095459,69.99000549316406,-63.98600387573242,47.046875,0.0
2748,703488000,13.420961380004883,60.00200271606445,-49.98400115966797,46.32421875,0.0
2749,703744000,12.508371353149414,61.98600387573242,-33.97200012207031,46.875,0.0
2750,704000000,13.065949440002441,48.018001556396484,-6.048000335693359,46.58984375,0.0
2751,704256000,12.609055519104004,65.98200225830078,-53.96000289916992,46.14453125,0.0
2752,704512000,12.288640975952148,48.018001556396484,-14.04800033569336,46.515625,0.0
2753,704768000,11.868575096130371,65.97600555419922,-61.95600128173828,46.77734375,0.0
2754,705024000,13.253520011901855,42.0160026550293,-18.00200080871582,46.9296875,0.0
2755,705280000,12.866860389709473,57.996002197265625,-19.986000061035156,46.69921875,0.0
2756,705536000,12.539645195007324,54.02800369262695,-6.072000503540039,47.08984375,0.0
2757,705792000,13.122336387634277,81.9800033569336,-77.97000122070312,47.78515625,0.0
2758,706048000,14.36150074005127,61.98600387573242,-47.98200225830078,46.29296875,0.0
2759,706304000,12.580379486083984,47.996002197265625,-29.972002029418945,45.59375,0.0
2760,706560000,10.931500434875488,44.01400375366211,-2.055999994277954,46.4296875,0.0
2761,706816000,12.742496490478516,57.97200393676758,-57.926002502441406,46.6171875,0.0
2762,707072000,13.050477027893066,30.00400161743164,15.998001098632812,47.0625,0.0
2763,707328000,12.746707916259766,34.03000259399414,13.940000534057617,46.8671875,0.0
2764,707584000,13.360481262207031,64.00800323486328,-45.98200225830078,47.53515625,0.0
2765,707840000,14.463543891906738,71.97400665283203,-27.990001678466797,46.52734375,0.0
2766,708096000,13.164402961730957,46.018001556396484,-18.032001495361328,47.2421875,0.0
2767,708352000,13.502789497375488,63.99800491333008,-50.01400375366211,46.23046875,0.0
2768,708608000,12.388031959533691,61.99400329589844,-63.970001220703125,47.05078125,0.0
2769,708864000,13.6983642578125,55.99400329589844,-33.97800064086914,46.984375,0.0
2770,709120000,12.842758178710938,50.02000427246094,-12.038000106811523,46.1953125,0.0
2771,709376000,11.852477073669434,69.99400329589844,-49.96000289916992,46.26953125,0.0
2772,709632000,12.765012741088867,63.9900016784668,-10.018000602722168,46.4921875,0.0
2773,709888000,12.151778221130371,53.980003356933594,-28.00400161743164,46.21875,0.0
2774,710144000,11.585988998413086,34.040000915527344,-32.03200149536133,46.41796875,0.0
2775,710400000,11.637871742248535,73.99000549316406,-63.96400451660156,46.3203125,0.0
2776,710656000,12.788762092590332,63.996002197265625,-28.00200080871582,46.41796875,0.0
2777,710912000,12.488062858581543,59.98400115966797,-29.95600128173828,46.265625,0.0
2778,711168000,12.271191596984863,44.01000213623047,13.984000205993652,47.26171875,0.0
2779,711424000,13.929047584533691,53.98600387573242,-1.9820001125335693,46.55859375,0.0
2780,711680000,13.288719177246094,40.01400375366211,15.94800090789795,46.54296875,0.0
2781,711936000,12.945656776428223,54.00800323486328,-36.00400161743164,46.98046875,0.0
2782,712192000,13.28913688659668,61.98600387573242,-39.970001220703125,47.42578125,0.0
2783,712448000,13.363176345825195,47.992000579833984,-9.994000434875488,47.0859375,0.0
2784,712704000,13.257946014404297,40.0,-4.002000331878662,46.9609375,0.0
2785,712960000,13.389793395996094,40.0160026550293,-5.992000102996826,46.6328125,0.0
2786,713216000,12.55841064453125,55.98600387573242,2.004000186920166,46.22265625,0.0
2787,713472000,12.375523567199707,42.02000045776367,5.966000080108643,46.81640625,0.0
2788,713728000,12.898711204528809,61.99400329589844,-27.98400115966797,47.66015625,0.0
2789,713984000,13.171895027160645,55.9900016784668,-12.022000312805176,46.73828125,0.0
2790,714240000,13.191234588623047,46.03600311279297,-34.04800033569336,46.50390625,0.0
2791,714496000,13.019625663757324,81.96800231933594,-81.94800567626953,46.8046875,0.0
2792,714752000,13.113180160522461,50.018001556396484,-30.022001266479492,46.66796875,0.0
2793,715008000,13.011383056640625,67.98600006103516,-51.996002197265625,46.296875,0.0
2794,715264000,12.677227020263672,54.00400161743164,-47.97600173950195,47.63671875,0.0
2795,715520000,14.119641304016113,57.98200225830078,-23.98400115966797,46.7109375,0.0
2796,715776000,12.668883323669434,39.99800109863281,-7.9800004959106445,47.3125,0.0
2797,716032000,13.581277847290039,38.0260009765625,11.954000473022461,46.6328125,0.0
2798,716288000,12.827731132507324,63.98800277709961,-33.98200225830078,46.140625,0.0
2799,716544000,12.433086395263672,52.000003814697266,-16.00800132751465,46.53125,0.0
2800,716800000,11.927582740783691,52.0160026550293,-24.020000457763672,47.2265625,0.0
2801,717056000,13.726168632507324,67.9800033569336,-43.97800064086914,46.70703125,0.0
2802,717312000,13.33171558380127,48.02400207519531,-22.07000160217285,47.515625,0.0
2803,717568000,13.015762329101562,71.96200561523438,-91.90400695800781,47.21875,0.0
2804,717824000,13.15272331237793,34.03000259399414,3.9600002765655518,47.10546875,0.0
2805,718080000,13.531211853027344,63.99800491333008,-36.0,46.7265625,0.0
2806,718336000,13.491559028625488,61.996002197265625,-35.98400115966797,46.8671875,0.0
2807,718592000,12.863105773925781,58.00200271606445,-20.00200080871582,46.71875,0.0
2808,718848000,12.690449714660645,59.974002838134766,-21.950000762939453,48.1953125,0.0
2809,719104000,15.635204315185547,34.0160026550293,27.95600128173828,47.4140625,0.0
2810,719360000,14.120492935180664,50.018001556396484,-16.04199981689453,47.109375,0.0
2811,719616000,13.517582893371582,68.0,-57.980003356933594,46.25,0.0
2812,719872000,11.572054862976074,68.0,-38.0160026550293,46.640625,0.0
2813,720128000,13.312387466430664,68.00800323486328,-53.98200225830078,46.7265625,0.0
2814,720384000,13.19857120513916,75.98200225830078,-35.986000061035156,46.5703125,0.0
2815,720640000,12.551785469055176,58.00200271606445,-22.00800132751465,46.78125,0.0
2816,720896000,13.553238868713379,60.006004333496094,-30.00400161743164,45.9609375,0.0
2817,721152000,12.106719017028809,66.0060043334961,-34.04199981689453,46.97265625,0.0
2818,721408000,13.35571575164795,71.97600555419922,-75.92400360107422,47.5078125,0.0
2819,721664000,13.59936809539795,48.0260009765625,-0.04800000041723251,45.41015625,0.0
2820,721920000,11.407363891601562,73.97400665283203,-47.95000076293945,46.70703125,0.0
2821,722176000,12.519051551818848,48.02800369262695,1.9640001058578491,46.21484375,0.0
2822,722432000,12.039852142333984,75.98200225830078,-33.97200012207031,47.0234375,0.0
2823,722688000,12.827442169189453,57.98800277709961,-6.000000476837158,46.9296875,0.0
2824,722944000,12.143824577331543,46.022003173828125,-6.066000461578369,45.62890625,0.0
2825,723200000,11.437946319580078,67.99200439453125,-71.94800567626953,46.0234375,0.0
2826,723456000,11.884742736816406,59.98400115966797,-19.974000930786133,46.984375,0.0
2827,723712000,13.811219215393066,44.02000045776367,5.960000514984131,46.38671875,0.0
2828,723968000,12.532028198242188,63.9900016784668,-33.954002380371094,46.56640625,0.0
2829,724224000,13.307808876037598,54.00200271606445,11.932000160217285,45.9296875,0.0
2830,724480000,12.52361011505127,56.00200271606445,-55.97600173950195,47.1484375,0.0
2831,724736000,12.696566581726074,58.00200271606445,-31.98600196838379,47.25390625,0.0
2832,724992000,13.949445724487305,59.99400329589844,-17.992000579833984,47.66796875,0.0
2833,725248000,14.175957679748535,53.9900016784668,-10.00200080871582,47.625,0.0
2834,725504000,14.350809097290039,44.00200271606445,-11.974000930786133,47.42578125,0.0
2835,725760000,13.59643840789795,46.00400161743164,13.982000350952148,46.671875,0.0
2836,726016000,12.379742622375488,50.000003814697266,-4.022000312805176,46.7265625,0.0
2837,726272000,13.215391159057617,50.02400207519531,-26.016000747680664,47.59765625,0.0
2838,726528000,13.762027740478516,73.97000122070312,-42.00200271606445,47.5546875,0.0
2839,726784000,14.069215774536133,44.022003173828125,-43.974002838134766,46.71875,0.0
2840,727040000,12.972609519958496,65.99200439453125,-18.012001037597656,46.83203125,0.0
2841,727296000,12.92613697052002,58.02400207519531,-30.036001205444336,46.9140625,0.0
2842,727552000,13.280922889709473,81.9800033569336,-65.97400665283203,46.7265625,0.0
2843,727808000,12.953187942504883,62.00400161743164,-39.99800109863281,47.11328125,0.0
2844,728064000,13.01713752746582,65.99600219726562,-37.99400329589844,47.8515625,0.0
2845,728320000,14.52535629272461,62.000003814697266,-32.00800323486328,46.36328125,0.0
2846,728576000,12.538817405700684,62.01400375366211,-40.0160026550293,46.37109375,0.0
2847,728832000,12.294410705566406,75.9520034790039,-55.922000885009766,46.91796875,0.0
2848,729088000,13.732793807983398,28.00800132751465,21.966001510620117,46.01953125,0.0
2849,729344000,12.153055191040039,36.00800323486328,-12.0260009765625,46.71484375,0.0
2850,729600000,12.863852500915527,44.00600051879883,-37.974002838134766,46.56640625,0.0
2851,729856000,13.432504653930664,50.01000213623047,-11.996000289916992,46.4609375,0.0
2852,730112000,12.34343433380127,59.996002197265625,-8.026000022888184,46.5390625,0.0
2853,730368000,12.028922080993652,56.00400161743164,-33.96600341796875,46.8828125,0.0
2854,730624000,13.604418754577637,59.99800109863281,-0.03400000184774399,46.47265625,0.0
2855,730880000,12.55452823638916,57.99800109863281,-33.99800109863281,46.60546875,0.0
2856,731136000,12.396265983581543,56.012001037597656,-32.034000396728516,47.19140625,0.0
2857,731392000,14.128829002380371,67.96800231933594,-65.94600677490234,47.328125,0.0
2858,731648000,14.050172805786133,36.018001556396484,-12.004000663757324,47.1484375,0.0
2859,731904000,13.440352439880371,54.022003173828125,-16.06599998474121,46.5390625,0.0
2860,732160000,12.387598037719727,76.01399993896484,-82.00800323486328,47.0,0.0
2861,732416000,13.26600456237793,89.95000457763672,-89.9260025024414,47.2890625,0.0
2862,732672000,13.644122123718262,40.03000259399414,-16.006000518798828,46.96484375,0.0
2863,732928000,13.234719276428223,69.97600555419922,-21.97800064086914,47.29296875,0.0
2864,733184000,13.577997207641602,45.98200225830078,-0.00800000037997961,46.609375,0.0
2865,733440000,13.448817253112793,28.020000457763672,-8.020000457763672,46.8515625,0.0
2866,733696000,13.046551704406738,48.00800323486328,-27.996002197265625,47.05078125,0.0
2867,733952000,12.721856117248535,56.00400161743164,-24.000001907348633,46.58203125,0.0
2868,734208000,11.921734809875488,60.006004333496094,-24.02800178527832,45.984375,0.0
2869,734464000,11.78196907043457,66.0,-51.996002197265625,46.6015625,0.0
2870,734720000,12.499695777893066,66.00200653076172,-47.992000579833984,46.07421875,0.0
2871,734976000,12.195840835571289,67.96800231933594,-39.95800018310547,46.4921875,0.0
2872,735232000,12.722957611083984,36.04600143432617,1.946000099182129,47.171875,0.0
2873,735488000,13.02485179901123,81.97200012207031,-51.954002380371094,47.5390625,0.0
2874,735744000,14.435773849487305,54.0260009765625,-6.086000442504883,46.83203125,0.0
2875,736000000,12.712688446044922,79.97600555419922,-91.93000793457031,47.77734375,0.0
2876,736256000,14.459816932678223,55.99200439453125,-22.006000518798828,47.03125,0.0
2877,736512000,13.341028213500977,48.02400207519531,-28.034000396728516,47.51171875,0.0
2878,736768000,14.52318000793457,71.96800231933594,-61.96400451660156,47.35546875,0.0
2879,737024000,14.265426635742188,40.03000259399414,-26.04400062561035,47.1953125,0.0
2880,737280000,14.066493034362793,69.98600006103516,-69.93400573730469,47.53515625,0.0
2881,737536000,14.151219367980957,56.000003814697266,-4.0,46.54296875,0.0
2882,737792000,13.028727531433105,56.03600311279297,-4.074000358581543,47.6328125,0.0
2883,738048000,14.40888786315918,91.97000122070312,-77.97000122070312,46.68359375,0.0
2884,738304000,13.141992568969727,61.99800109863281,-47.96800231933594,47.3359375,0.0
2885,738560000,14.50855541229248,59.98600387573242,-16.00200080871582,47.91015625,0.0
2886,738816000,15.248942375183105,46.000003814697266,-17.996000289916992,47.44921875,0.0
2887,739072000,14.190547943115234,46.02400207519531,-14.052000999450684,47.21875,0.0
2888,739328000,13.332371711730957,69.98600006103516,-65.96200561523438,47.1171875,0.0
2889,739584000,13.671777725219727,56.01000213623047,-28.014001846313477,47.34375,0.0
2890,739840000,13.57493782043457,65.98400115966797,-41.980003356933594,47.5625,0.0
2891,740096000,14.291555404663086,49.99800109863281,-22.000001907348633,45.98828125,0.0
2892,740352000,12.879125595092773,48.000003814697266,-21.992000579833984,46.3359375,0.0
2893,740608000,13.097825050354004,48.02000045776367,-14.012001037597656,46.484375,0.0
2894,740864000,13.266075134277344,67.98200225830078,-25.996000289916992,47.26953125,0.0
2895,741120000,13.713418960571289,50.00600051879883,-21.996000289916992,46.60546875,0.0
2896,741376000,12.290731430053711,56.02000427246094,-18.054000854492188,47.3515625,0.0
2897,741632000,13.956543922424316,75.97200012207031,-71.94400024414062,47.07421875,0.0
2898,741888000,13.47012996673584,48.0160026550293,-16.030000686645508,47.9921875,0.0
2899,742144000,14.846735000610352,64.00800323486328,-46.00600051879883,47.0703125,0.0
2900,742400000,13.924551010131836,71.96200561523438,-51.96000289916992,46.1484375,0.0
2901,742656000,12.694969177246094,34.00400161743164,-12.000000953674316,46.3984375,0.0
2902,742912000,12.352242469787598,38.02400207519531,-12.02400016784668,46.7421875,0.0
2903,743168000,13.031461715698242,61.98200225830078,-35.986000061035156,46.77734375,0.0
2904,743424000,13.241976737976074,44.00400161743164,-22.00800132751465,46.80859375,0.0
2905,743680000,13.03227424621582,48.0260009765625,-30.03400230407715,47.796875,0.0
2906,743936000,14.052817344665527,73.9800033569336,-63.97200393676758,46.3671875,0.0
2907,744192000,12.185508728027344,54.01000213623047,-36.00200271606445,47.18359375,0.0
2908,744448000,14.097273826599121,63.98600387573242,-37.9900016784668,47.2734375,0.0
2909,744704000,13.7149658203125,49.996002197265625,-27.976001739501953,46.9921875,0.0
2910,744960000,13.835965156555176,45.99800109863281,-4.02400016784668,46.98828125,0.0
2911,745216000,13.863407135009766,43.99800109863281,-27.98000144958496,46.921875,0.0
2912,745472000,13.988567352294922,42.00400161743164,-8.02400016784668,47.24609375,0.0
2913,745728000,14.27255916595459,46.00400161743164,-31.98600196838379,47.16015625,0.0
2914,745984000,13.394890785217285,50.01000213623047,-18.013999938964844,47.53125,0.0
2915,746240000,13.753493309020996,60.01000213623047,-32.03000259399414,46.96484375,0.0
2916,746496000,13.338215827941895,69.99000549316406,-61.96400451660156,46.28515625,0.0
2917,746752000,11.712567329406738,59.98600387573242,-25.98600196838379,47.21484375,0.0
2918,747008000,13.340102195739746,46.03000259399414,-12.076000213623047,46.52734375,0.0
2919,747264000,13.596813201904297,75.98400115966797,-87.92000579833984,46.29296875,0.0
2920,747520000,12.754164695739746,60.006004333496094,-8.054000854492188,47.06640625,0.0
2921,747776000,13.011418342590332,65.99600219726562,-61.96800231933594,46.59375,0.0
2922,748032000,12.71216106414795,62.00800323486328,-30.024002075195312,47.43359375,0.0
2923,748288000,13.931039810180664,69.97200012207031,-53.954002380371094,45.7734375,0.0
2924,748544000,11.380536079406738,42.00400161743164,-8.028000831604004,46.6015625,0.0
2925,748800000,13.00691032409668,46.03600311279297,-36.038002014160156,46.2734375,0.0
2926,749056000,12.105941772460938,81.98400115966797,-73.97600555419922,46.5703125,0.0
2927,749312000,12.577332496643066,66.00200653076172,-50.03200149536133,45.99609375,0.0
2928,749568000,11.786816596984863,67.96400451660156,-81.91800689697266,47.27734375,0.0
2929,749824000,13.443840026855469,32.018001556396484,-0.00800000037997961,46.3125,0.0
2930,750080000,11.973106384277344,50.00600051879883,-8.008000373840332,46.3359375,0.0
2931,750336000,12.421520233154297,56.012001037597656,-16.027999877929688,46.32421875,0.0
2932,750592000,12.06699275970459,68.0060043334961,-44.00600051879883,46.44921875,0.0
2933,750848000,12.652539253234863,73.97200012207031,-49.94000244140625,46.765625,0.0
2934,751104000,12.847711563110352,46.018001556396484,9.94800090789795,47.16796875,0.0
2935,751360000,12.902462005615234,64.01600646972656,-42.00200271606445,46.2890625,0.0
2936,751616000,13.020078659057617,79.99200439453125,-44.022003173828125,47.6796875,0.0
2937,751872000,13.565567016601562,71.99400329589844,-65.97200012207031,46.859375,0.0
2938,752128000,12.726278305053711,65.99600219726562,-37.99800109863281,46.61328125,0.0
2939,752384000,12.440980911254883,62.01200485229492,-36.04199981689453,46.01953125,0.0
2940,752640000,12.016715049743652,73.99800109863281,-77.96200561523438,46.94921875,0.0
2941,752896000,13.10530948638916,72.0040054321289,-40.01000213623047,47.29296875,0.0
2942,753152000,12.946051597595215,75.9780044555664,-49.99800109863281,46.86328125,0.0
2943,753408000,13.683176040649414,54.022003173828125,-48.02800369262695,46.6328125,0.0
2944,753664000,13.266820907592773,75.99800109863281,-75.98400115966797,47.53125,0.0
2945,753920000,14.45952033996582,73.96400451660156,-59.952003479003906,47.0546875,0.0
2946,754176000,13.043290138244629,38.03000259399414,-12.018000602722168,47.14453125,0.0
2947,754432000,13.363297462463379,67.99800109863281,-30.024002075195312,47.38671875,0.0
2948,754688000,13.37839126586914,66.01000213623047,-54.022003173828125,46.6328125,0.0
2949,754944000,12.863141059875488,75.95800018310547,-75.91000366210938,46.63671875,0.0
2950,755200000,12.722879409790039,34.03000259399414,13.944000244140625,46.796875,0.0
2951,755456000,12.944723129272461,63.996002197265625,-41.992000579833984,46.02734375,0.0
2952,755712000,12.355973243713379,60.000003814697266,-33.996002197265625,47.1171875,0.0
2953,755968000,12.859285354614258,60.000003814697266,-30.022001266479492,46.10546875,0.0
2954,756224000,12.769598007202148,60.02400207519531,-52.0160026550293,46.453125,0.0
2955,756480000,12.836840629577637,83.97600555419922,-67.96000671386719,47.24609375,0.0
2956,756736000,13.73770809173584,59.9900016784668,-28.000001907348633,47.16796875,0.0
2957,756992000,13.163344383239746,49.980003356933594,-27.98200225830078,46.2890625,0.0
2958,757248000,12.445422172546387,30.016000747680664,-9.992000579833984,46.29296875,0.0
2959,757504000,12.555891036987305,46.018001556396484,-2.0380001068115234,47.32421875,0.0
2960,757760000,13.756613731384277,63.97600173950195,-39.974002838134766,46.24609375,0.0
2961,758016000,12.560129165649414,40.0420036315918,-14.056000709533691,47.49609375,0.0
2962,758272000,14.092637062072754,81.99000549316406,-69.98800659179688,46.25,0.0
2963,758528000,12.980867385864258,71.9800033569336,-57.96400451660156,46.91796875,0.0
2964,758784000,13.378063201904297,51.98600387573242,-21.992000579833984,46.3046875,0.0
2965,759040000,12.53566837310791,38.0160026550293,-13.97800064086914,46.796875,0.0
2966,759296000,13.046313285827637,54.00400161743164,7.946000576019287,46.5078125,0.0
2967,759552000,12.484465599060059,58.012001037597656,-45.98200225830078,46.6328125,0.0
2968,759808000,12.574676513671875,69.99600219726562,-28.016000747680664,47.0078125,0.0
2969,760064000,13.032773971557617,65.96000671386719,-43.932003021240234,47.765625,0.0
2970,760320000,14.553762435913086,26.0260009765625,23.96000099182129,47.08984375,0.0
2971,760576000,13.629738807678223,51.9900016784668,-15.998001098632812,47.77734375,0.0
2972,760832000,14.460118293762207,42.01400375366211,-14.01400089263916,47.05859375,0.0
2973,761088000,13.640605926513672,55.98400115966797,-27.970001220703125,47.07421875,0.0
2974,761344000,13.619645118713379,40.018001556396484,1.9860000610351562,46.2734375,0.0
2975,761600000,12.172407150268555,58.00400161743164,-12.032000541687012,46.46875,0.0
2976,761856000,12.703981399536133,61.9900016784668,-43.98200225830078,47.16015625,0.0
2977,762112000,13.557805061340332,52.00400161743164,-26.014001846313477,46.69921875,0.0
2978,762368000,12.770090103149414,56.01000213623047,-39.98800277709961,46.6328125,0.0
2979,762624000,13.328187942504883,65.98600006103516,-27.98600196838379,47.05859375,0.0
2980,762880000,13.390141487121582,51.99400329589844,-13.992000579833984,46.2890625,0.0
2981,763136000,12.907485008239746,46.00800323486328,-6.0400004386901855,47.43359375,0.0
2982,763392000,14.13841438293457,53.99400329589844,-45.98400115966797,46.09765625,0.0
2983,763648000,11.93168830871582,48.00600051879883,-30.00200080871582,46.99609375,0.0
2984,763904000,13.928954124450684,54.00400161743164,-32.00400161743164,46.84765625,0.0
2985,764160000,13.194782257080078,57.996002197265625,-35.996002197265625,46.51953125,0.0
2986,764416000,12.66529369354248,54.022003173828125,-32.013999938964844,46.8828125,0.0
2987,764672000,13.894828796386719,75.98200225830078,-45.992000579833984,47.26953125,0.0
2988,764928000,14.189992904663086,57.980003356933594,-37.94600296020508,46.61328125,0.0
2989,765184000,12.777727127075195,38.02400207519531,15.956000328063965,46.6640625,0.0
2990,765440000,13.160930633544922,61.996002197265625,-28.018001556396484,46.97265625,0.0
2991,765696000,13.933063507080078,58.00800323486328,-45.97800064086914,46.93359375,0.0
2992,765952000,13.40151596069336,65.98800659179688,-24.018001556396484,46.2734375,0.0
2993,766208000,12.574305534362793,53.9900016784668,-41.95000076293945,46.546875,0.0
2994,766464000,12.660360336303711,43.98200225830078,7.990000247955322,46.66796875,0.0
2995,766720000,12.863289833068848,26.036001205444336,-2.0300002098083496,46.52734375,0.0
2996,766976000,12.872015953063965,61.9900016784668,-31.998001098632812,47.2109375,0.0
2997,767232000,13.791699409484863,52.01000213623047,-29.992000579833984,46.61328125,0.0
2998,767488000,12.523996353149414,61.99800109863281,-22.022001266479492,47.2734375,0.0
2999,767744000,13.080977439880371,60.01400375366211,-44.022003173828125,46.88671875,0.0
3000,768000000,12.027645111083984,74.00200653076172,-65.97000122070312,46.546875,0.0
3001,768256000,12.329227447509766,76.0,-36.034000396728516,47.34765625,0.0
3002,768512000,13.42911434173584,76.0,-69.99000549316406,47.265625,0.0
3003,768768000,12.855875968933105,75.9780044555664,-59.97600173950195,46.67578125,0.0
3004,769024000,13.262083053588867,53.97600173950195,-35.974002838134766,47.51171875,0.0
3005,769280000,13.624777793884277,30.03400230407715,-10.010000228881836,47.10546875,0.0
3006,769536000,13.402727127075195,63.9900016784668,-20.012001037597656,46.8671875,0.0
3007,769792000,13.7853364944458,53.978004455566406,-31.944002151489258,46.96875,0.0
3008,770048000,13.963969230651855,32.02000045776367,23.966001510620117,46.30078125,0.0
3009,770304000,13.090598106384277,52.006004333496094,-9.980000495910645,47.7265625,0.0
3010,770560000,13.84300422668457,57.978004455566406,9.984000205993652,46.74609375,0.0
3011,770816000,13.098114013671875,36.03000259399414,-6.01800012588501,47.0078125,0.0
3012,771072000,13.55543041229248,65.97400665283203,-23.972002029418945,46.85546875,0.0
3013,771328000,14.295774459838867,40.0,4.01800012588501,46.44921875,0.0
3014,771584000,13.194199562072754,39.99400329589844,21.950000762939453,46.19921875,0.0
3015,771840000,12.083808898925781,34.02000045776367,-27.992000579833984,47.40625,0.0
3016,772096000,13.859172821044922,54.01000213623047,-20.00400161743164,47.4296875,0.0
3017,772352000,13.655664443969727,64.02000427246094,-24.076000213623047,46.75390625,0.0
3018,772608000,13.070403099060059,83.97600555419922,-99.94800567626953,47.52734375,0.0
3019,772864000,13.159539222717285,60.01000213623047,-48.012001037597656,46.4453125,0.0
3020,773120000,12.542891502380371,69.99800109863281,-59.980003356933594,46.578125,0.0
3021,773376000,12.465387344360352,67.98200225830078,-40.00800323486328,46.5625,0.0
3022,773632000,13.007457733154297,50.022003173828125,-48.01000213623047,46.8828125,0.0
3023,773888000,12.65231704711914,71.97200012207031,-57.970001220703125,46.04296875,0.0
3024,774144000,12.625433921813965,44.022003173828125,-28.006000518798828,46.1328125,0.0
3025,774400000,13.058676719665527,65.9780044555664,-33.980003356933594,46.47265625,0.0
3026,774656000,13.140438079833984,44.022003173828125,-14.012001037597656,46.59765625,0.0
3027,774912000,12.953640937805176,66.00200653076172,-26.064001083374023,47.44140625,0.0
3028,775168000,13.467450141906738,67.99000549316406,-89.95000457763672,46.12109375,0.0
3029,775424000,12.167559623718262,58.00200271606445,-40.0,46.3828125,0.0
3030,775680000,11.758672714233398,60.00400161743164,-40.0,46.42578125,0.0
3031,775936000,12.617481231689453,63.98200225830078,-39.96200180053711,46.82421875,0.0
3032,776192000,12.91012191772461,46.00400161743164,-2.0340001583099365,47.0390625,0.0
3033,776448000,12.874445915222168,50.02000427246094,-36.00600051879883,46.5,0.0
3034,776704000,12.32123851776123,70.02000427246094,-42.040000915527344,46.8671875,0.0
3035,776960000,13.245168685913086,89.98600769042969,-81.97000122070312,46.00390625,0.0
3036,777216000,12.319875717163086,76.00200653076172,-52.02000427246094,46.57421875,0.0
3037,777472000,11.882286071777344,78.00800323486328,-72.01399993896484,45.7421875,0.0
3038,777728000,11.357418060302734,85.98800659179688,-85.97400665283203,47.20703125,0.0
3039,777984000,13.304254531860352,73.97200012207031,-59.954002380371094,46.53515625,0.0
3040,778240000,12.871313095092773,46.0160026550293,-14.008000373840332,47.125,0.0
3041,778496000,13.088055610656738,62.02000427246094,-22.05000114440918,45.82421875,0.0
3042,778752000,11.301594734191895,81.98200225830078,-71.96800231933594,46.28125,0.0
3043,779008000,12.113180160522461,63.98800277709961,-39.9640007019043,46.51953125,0.0
3044,779264000,12.0108642578125,52.00800323486328,-4.01200008392334,45.66015625,0.0
3045,779520000,11.157676696777344,60.01400375366211,-16.038000106811523,46.5625,0.0
3046,779776000,12.581113815307617,73.96800231933594,-53.96800231933594,46.01171875,0.0
3047,780032000,11.66596508026123,41.996002197265625,-21.970001220703125,46.94140625,0.0
3048,780288000,13.564594268798828,38.0420036315918,7.904000282287598,45.84375,0.0
3049,780544000,11.754610061645508,79.98400115966797,-87.94600677490234,46.3125,0.0
3050,780800000,12.456520080566406,63.978004455566406,-33.974002838134766,46.01953125,0.0
3051,781056000,11.946383476257324,41.992000579833984,-7.982000350952148,46.98828125,0.0
3052,781312000,13.015070915222168,34.013999938964844,9.970000267028809,46.1875,0.0
3053,781568000,12.461328506469727,48.02800369262695,-20.022001266479492,46.4296875,0.0
3054,781824000,12.851770401000977,75.9780044555664,-42.0160026550293,46.40625,0.0
3055,782080000,13.057683944702148,53.99200439453125,-57.96400451660156,46.0078125,0.0
3056,782336000,12.148446083068848,45.9900016784668,-21.98400115966797,45.8515625,0.0
3057,782592000,12.157485008239746,36.00600051879883,-6.006000518798828,47.38671875,0.0
3058,782848000,13.389945983886719,42.02800369262695,-12.066000938415527,46.28515625,0.0
3059,783104000,12.71044635772705,69.99800109863281,-77.9780044555664,45.9296875,0.0
3060,783360000,12.218047142028809,67.98600006103516,-55.948001861572266,46.140625,0.0
3061,783616000,11.515914916992188,54.00200271606445,-4.028000354766846,46.25390625,0.0
3062,783872000,11.804567337036133,56.000003814697266,-32.0,46.12109375,0.0
3063,784128000,11.683609962463379,55.99200439453125,-31.98000144958496,45.91015625,0.0
3064,784384000,11.700043678283691,48.01000213623047,-12.0260009765625,46.453125,0.0
3065,784640000,12.522598266601562,57.99200439453125,-37.98800277709961,46.14453125,0.0
3066,784896000,11.684309005737305,50.02000427246094,-25.994001388549805,46.54296875,0.0
3067,785152000,12.398086547851562,69.98200225830078,-20.0260009765625,46.5390625,0.0
3068,785408000,12.047144889831543,51.99800109863281,-45.97200393676758,46.1015625,0.0
3069,785664000,12.316778182983398,50.00400161743164,-17.988000869750977,46.43359375,0.0
3070,785920000,12.687063217163086,53.99800109863281,-6.03000020980835,45.94140625,0.0
3071,786176000,12.249000549316406,52.000003814697266,-36.013999938964844,46.3046875,0.0
3072,786432000,11.251559257507324,52.00800323486328,-49.98200225830078,47.2421875,0.0
3073,786688000,12.807527542114258,60.01400375366211,-32.03200149536133,45.96875,0.0
3074,786944000,11.742731094360352,73.94800567626953,-63.92200469970703,45.8359375,0.0
3075,787200000,12.284934043884277,22.022001266479492,13.99000072479248,46.3125,0.0
3076,787456000,12.063508033752441,44.00400161743164,3.9660000801086426,46.34375,0.0
3077,787712000,13.069625854492188,48.038002014160156,-30.054000854492188,46.34375,0.0
3078,787968000,12.382758140563965,85.96400451660156,-83.906005859375,46.16796875,0.0
3079,788224000,12.329153060913086,50.012001037597656,9.918000221252441,46.77734375,0.0
3080,788480000,13.355535507202148,61.99200439453125,-71.9260025024414,46.890625,0.0
3081,788736000,13.420605659484863,54.0160026550293,1.970000147819519,46.58984375,0.0
3082,788992000,12.153226852416992,69.98400115966797,-27.996002197265625,46.4609375,0.0
3083,789248000,13.03432846069336,54.044002532958984,-24.056001663208008,46.2578125,0.0
3084,789504000,12.207926750183105,97.95600128173828,-79.95800018310547,46.73046875,0.0
3085,789760000,13.101133346557617,53.99200439453125,-37.95600128173828,46.99609375,0.0
3086,790016000,12.672977447509766,46.00400161743164,5.944000244140625,47.78125,0.0
3087,790272000,13.772497177124023,50.018001556396484,-49.970001220703125,46.81640625,0.0
3088,790528000,12.83200454711914,68.00200653076172,-20.042001724243164,46.90625,0.0
3089,790784000,12.803793907165527,69.96400451660156,-61.92200469970703,46.11328125,0.0
3090,791040000,11.911922454833984,34.034000396728516,15.890000343322754,46.9296875,0.0
3091,791296000,13.675918579101562,67.96800231933594,-93.90800476074219,47.4375,0.0
3092,791552000,13.811922073364258,36.02799987792969,-2.078000068664551,47.140625,0.0
3093,791808000,13.234437942504883,63.98400115966797,-79.94400024414062,46.32421875,0.0
3094,792064000,13.296266555786133,48.00800323486328,-24.014001846313477,46.5234375,0.0
3095,792320000,12.687508583068848,55.99400329589844,-37.98800277709961,46.3359375,0.0
3096,792576000,12.695477485656738,50.00800323486328,-26.012001037597656,47.109375,0.0
3097,792832000,12.858695983886719,58.00400161743164,-38.01000213623047,46.078125,0.0
3098,793088000,12.181485176086426,61.99200439453125,-47.97800064086914,47.50390625,0.0
3099,793344000,13.974008560180664,53.98200225830078,-25.98600196838379,45.98828125,0.0
3100,793600000,11.423348426818848,36.040000915527344,-12.056000709533691,46.71484375,0.0
3101,793856000,12.894083023071289,75.99200439453125,-67.95800018310547,46.48046875,0.0
3102,794112000,12.446191787719727,67.98200225830078,-25.972002029418945,47.17578125,0.0
3103,794368000,13.32257080078125,50.02000427246094,1.946000099182129,46.5703125,0.0
3104,794624000,11.677141189575195,69.96800231933594,-51.96800231933594,47.203125,0.0
3105,794880000,13.034356117248535,38.012001037597656,-20.034000396728516,46.35546875,0.0
3106,795136000,12.235371589660645,49.996002197265625,-53.974002838134766,46.9921875,0.0
3107,795392000,13.229683876037598,45.98600387573242,-27.98400115966797,46.0078125,0.0
3108,795648000,12.444875717163086,32.02799987792969,-12.020000457763672,46.21484375,0.0
3109,795904000,12.007832527160645,60.00400161743164,-32.04199981689453,46.46484375,0.0
3110,796160000,12.028390884399414,63.996002197265625,-73.9520034790039,46.47265625,0.0
3111,796416000,13.072879791259766,59.98800277709961,-25.98400115966797,46.7109375,0.0
3112,796672000,11.735699653625488,48.012001037597656,-10.034000396728516,47.09765625,0.0
3113,796928000,13.058367729187012,60.01000213623047,-44.03600311279297,46.640625,0.0
3114,797184000,12.831438064575195,69.98200225830078,-79.93800354003906,46.21875,0.0
3115,797440000,12.238992691040039,52.01000213623047,-18.00400161743164,46.65234375,0.0
3116,797696000,12.949152946472168,62.01400375366211,-22.030000686645508,46.29296875,0.0
3117,797952000,12.882332801818848,75.98600006103516,-51.97200393676758,46.4140625,0.0
3118,798208000,12.402730941772461,61.98400115966797,-24.02800178527832,46.8046875,0.0
3119,798464000,12.788536071777344,46.022003173828125,-51.98600387573242,46.5546875,0.0
3120,798720000,12.261797904968262,67.98800659179688,-37.99400329589844,46.84375,0.0
3121,798976000,12.340262413024902,56.0160026550293,-32.02799987792969,46.8046875,0.0
3122,799232000,12.756363868713379,71.9780044555664,-59.94200134277344,45.3359375,0.0
3123,799488000,11.309886932373047,50.0160026550293,-2.0460000038146973,47.046875,0.0
3124,799744000,12.601265907287598,66.00200653076172,-48.000003814697266,46.84765625,0.0
3125,800000000,12.304394721984863,67.99200439453125,-47.97800064086914,46.3359375,0.0
3126,800256000,12.0123291015625,59.99400329589844,-26.000001907348633,47.0078125,0.0
3127,800512000,12.622496604919434,53.978004455566406,-25.972002029418945,47.4921875,0.0
3128,800768000,14.022359848022461,32.02799987792969,1.9660000801086426,47.07421875,0.0
3129,801024000,12.945871353149414,59.99800109863281,-31.98600196838379,47.35546875,0.0
3130,801280000,13.504352569580078,58.006004333496094,-18.034000396728516,48.22265625,0.0
3131,801536000,13.948895454406738,63.98600387573242,-51.970001220703125,47.34375,0.0
3132,801792000,13.624356269836426,50.00400161743164,-22.000001907348633,46.70703125,0.0
3133,802048000,12.9801025390625,53.978004455566406,-21.964000701904297,46.421875,0.0
3134,802304000,12.614738464355469,32.03000259399414,13.93600082397461,47.3671875,0.0
3135,802560000,14.068504333496094,62.00400161743164,-49.974002838134766,46.57421875,0.0
3136,802816000,12.263289451599121,65.99800109863281,-24.020000457763672,47.22265625,0.0
3137,803072000,13.832313537597656,64.00800323486328,-44.01000213623047,46.83203125,0.0
3138,803328000,14.112215042114258,71.99400329589844,-53.996002197265625,46.61328125,0.0
3139,803584000,13.048039436340332,65.99600219726562,-49.996002197265625,47.12890625,0.0
3140,803840000,14.210204124450684,62.00400161743164,-46.0160026550293,47.06640625,0.0
3141,804096000,13.476387023925781,65.99600219726562,-61.99800109863281,46.77734375,0.0
3142,804352000,13.301809310913086,62.00800323486328,-60.012001037597656,47.78515625,0.0
3143,804608000,14.327261924743652,69.99400329589844,-71.97400665283203,47.44140625,0.0
3144,804864000,13.465165138244629,64.01800537109375,-46.018001556396484,47.14453125,0.0
3145,805120000,13.784645080566406,81.99600219726562,-64.0060043334961,46.75,0.0
3146,805376000,13.27343463897705,77.97200012207031,-69.94600677490234,46.83203125,0.0
3147,805632000,13.27001667022705,50.022003173828125,-16.006000518798828,46.79296875,0.0
3148,805888000,13.752129554748535,71.99800109863281,-22.040000915527344,46.55078125,0.0
3149,806144000,11.977289199829102,69.9800033569336,-61.94000244140625,46.93359375,0.0
3150,806400000,12.702930450439453,50.02000427246094,-2.0260000228881836,47.06640625,0.0
3151,806656000,12.50916862487793,69.97400665283203,-27.964000701904297,47.1640625,0.0
3152,806912000,13.86221981048584,44.01400375366211,7.946000576019287,46.94921875,0.0
3153,807168000,12.800750732421875,58.006004333496094,-45.99800109863281,47.06640625,0.0
3154,807424000,12.769523620605469,63.99400329589844,-43.98800277709961,46.8359375,0.0
3155,807680000,12.763059616088867,57.98400115966797,-31.998001098632812,47.7421875,0.0
3156,807936000,14.100911140441895,42.02000045776367,-29.98200225830078,47.1796875,0.0
3157,808192000,13.449762344360352,61.99400329589844,-12.03600025177002,47.52734375,0.0
3158,808448000,13.99251651763916,55.98800277709961,-47.94600296020508,47.13671875,0.0
3159,808704000,14.320012092590332,44.022003173828125,5.934000492095947,47.73828125,0.0
3160,808960000,14.01821517944336,65.98600006103516,-59.948001861572266,46.4453125,0.0
3161,809216000,12.703437805175781,52.000003814697266,-8.004000663757324,46.66796875,0.0
3162,809472000,13.015820503234863,52.012001037597656,-12.052000999450684,47.04296875,0.0
3163,809728000,13.210586547851562,63.9900016784668,-63.95600128173828,46.48046875,0.0
3164,809984000,12.862035751342773,53.99200439453125,-20.00200080871582,48.1640625,0.0
3165,810240000,15.518106460571289,46.02000045776367,-22.012001037597656,47.7734375,0.0
3166,810496000,14.092809677124023,65.98200225830078,-33.98800277709961,47.06640625,0.0
3167,810752000,13.153375625610352,48.00200271606445,-21.990001678466797,47.26171875,0.0
3168,811008000,14.182692527770996,50.022003173828125,-12.028000831604004,46.6796875,0.0
3169,811264000,13.28116512298584,71.98600006103516,-40.0,46.8515625,0.0
3170,811520000,13.195914268493652,57.99800109863281,-39.9900016784668,46.85546875,0.0
3171,811776000,13.796211242675781,56.012001037597656,-30.014001846313477,47.06640625,0.0
3172,812032000,13.133512496948242,67.9800033569336,-43.98200225830078,47.0546875,0.0
3173,812288000,13.832242965698242,47.996002197265625,-25.992000579833984,47.13671875,0.0
3174,812544000,14.043473243713379,44.00400161743164,-17.98200035095215,47.96875,0.0
3175,812800000,14.546395301818848,48.00800323486328,-0.02200000174343586,47.0546875,0.0
3176,813056000,14.065367698669434,56.02000427246094,-22.040000915527344,46.765625,0.0
3177,813312000,13.0282621383667,75.97600555419922,-61.96200180053711,47.33984375,0.0
3178,813568000,13.944828987121582,52.01000213623047,-24.014001846313477,46.85546875,0.0
3179,813824000,13.46005916595459,62.03200149536133,-38.05400085449219,46.4140625,0.0
3180,814080000,12.581512451171875,93.94200134277344,-91.9260025024414,45.9375,0.0
3181,814336000,12.06329345703125,36.00400161743164,-18.00400161743164,46.56640625,0.0
3182,814592000,12.85610580444336,40.01000213623047,-21.988000869750977,47.33984375,0.0
3183,814848000,13.490297317504883,49.99400329589844,-10.004000663757324,46.1328125,0.0
3184,815104000,11.60312557220459,44.01000213623047,-14.0260009765625,47.390625,0.0
3185,815360000,13.164555549621582,54.00200271606445,-39.97800064086914,47.4375,0.0
3186,815616000,13.656437873840332,56.03200149536133,-18.038000106811523,47.44921875,0.0
3187,815872000,13.84300422668457,87.97200775146484,-55.970001220703125,46.4296875,0.0
3188,816128000,13.097579002380371,60.0260009765625,-26.058000564575195,46.765625,0.0
3189,816384000,13.020598411560059,85.98400115966797,-83.9540023803711,47.41796875,0.0
3190,816640000,14.086235046386719,69.9780044555664,-37.96800231933594,47.6640625,0.0
3191,816896000,14.38262939453125,48.0160026550293,-6.0420002937316895,47.58984375,0.0
3192,817152000,14.198863983154297,63.996002197265625,-47.980003356933594,47.640625,0.0
3193,817408000,13.842418670654297,60.01000213623047,-28.016000747680664,46.30859375,0.0
3194,817664000,12.512601852416992,69.99000549316406,-43.98600387573242,46.65625,0.0
3195,817920000,13.395078659057617,60.000003814697266,-30.020002365112305,47.43359375,0.0
3196,818176000,13.941102027893066,59.98800277709961,-49.99400329589844,47.18359375,0.0
3197,818432000,13.636422157287598,48.02000045776367,-44.01400375366211,47.25,0.0
3198,818688000,13.339895248413086,68.01399993896484,-57.99800109863281,46.8671875,0.0
3199,818944000,13.391824722290039,81.97200012207031,-55.94000244140625,47.39453125,0.0
3200,819200000,14.589438438415527,54.040000915527344,3.9040002822875977,47.5390625,0.0
3201,819456000,14.183516502380371,93.97000122070312,-91.9800033569336,47.171875,0.0
3202,819712000,14.1041841506958,63.96800231933594,-71.9020004272461,46.5234375,0.0
3203,819968000,12.820235252380371,32.03000259399414,25.91200065612793,46.7421875,0.0
3204,820224000,12.74293041229248,61.97200393676758,-61.932003021240234,47.10546875,0.0
3205,820480000,13.483016014099121,34.012001037597656,5.990000247955322,45.765625,0.0
3206,820736000,12.126379013061523,46.00600051879883,-4.03000020980835,47.0078125,0.0
3207,820992000,13.504508018493652,52.01400375366211,-34.02400207519531,47.0625,0.0
3208,821248000,14.104098320007324,65.98200225830078,-57.93000411987305,46.8828125,0.0
3209,821504000,12.734418869018555,48.018001556396484,11.946000099182129,46.5390625,0.0
3210,821760000,12.777820587158203,66.01399993896484,-42.040000915527344,46.8359375,0.0
3211,822016000,13.254453659057617,79.96400451660156,-81.95000457763672,46.765625,0.0
3212,822272000,13.798859596252441,44.01000213623047,-32.022003173828125,46.28515625,0.0
3213,822528000,11.87977409362793,53.98600387573242,-53.958003997802734,46.0078125,0.0
3214,822784000,12.74565315246582,40.02400207519531,-12.020000457763672,46.59765625,0.0
3215,823040000,12.304875373840332,63.99400329589844,-31.98400115966797,46.5234375,0.0
3216,823296000,12.492652893066406,58.018001556396484,-16.04199981689453,46.8671875,0.0
3217,823552000,12.958696365356445,75.9800033569336,-58.000003814697266,47.796875,0.0
3218,823808000,14.62042236328125,56.018001556396484,-57.99800109863281,47.16015625,0.0
3219,824064000,13.949305534362793,73.9800033569336,-55.97600173950195,47.04296875,0.0
3220,824320000,14.033903121948242,53.9900016784668,-31.98000144958496,46.4609375,0.0
3221,824576000,12.782024383544922,44.040000915527344,-12.068000793457031,47.00390625,0.0
3222,824832000,13.554243087768555,83.9800033569336,-79.95800018310547,46.890625,0.0
3223,825088000,13.109395027160645,63.98400115966797,-37.97800064086914,46.90625,0.0
3224,825344000,13.128301620483398,48.0260009765625,-16.04199981689453,46.609375,0.0
3225,825600000,12.524621963500977,73.98400115966797,-57.980003356933594,46.69921875,0.0
3226,825856000,13.705718994140625,58.00800323486328,-38.00400161743164,46.69921875,0.0
3227,826112000,12.395153045654297,65.98200225830078,-41.98800277709961,46.71484375,0.0
3228,826368000,13.015332221984863,48.00800323486328,-30.020002365112305,46.8203125,0.0
3229,826624000,12.721774101257324,55.978004455566406,-49.93400192260742,46.25390625,0.0
3230,826880000,11.841477394104004,34.03200149536133,15.93600082397461,47.453125,0.0
3231,827136000,13.472055435180664,65.98800659179688,-47.95000076293945,46.6953125,0.0
3232,827392000,12.871160507202148,54.00800323486328,1.9540001153945923,46.85546875,0.0
3233,827648000,12.937734603881836,62.00200271606445,-43.98200225830078,46.51171875,0.0
3234,827904000,13.17251205444336,64.01000213623047,-26.032001495361328,47.8515625,0.0
3235,828160000,13.807063102722168,73.98600006103516,-57.96600341796875,46.50390625,0.0
3236,828416000,12.277270317077637,59.99200439453125,-24.000001907348633,46.09765625,0.0
3237,828672000,12.203566551208496,52.02000427246094,-24.030000686645508,46.53515625,0.0
3238,828928000,12.644871711730957,72.0040054321289,-53.96800231933594,47.24609375,0.0
3239,829184000,12.985910415649414,75.9800033569336,-22.02400016784668,48.01953125,0.0
3240,829440000,14.517950057983398,55.99400329589844,-45.97200393676758,47.0,0.0
3241,829696000,12.938438415527344,49.99800109863281,-17.994001388549805,47.75390625,0.0
3242,829952000,13.875004768371582,48.01400375366211,-12.034000396728516,46.67578125,0.0
3243,830208000,13.878641128540039,61.98400115966797,-45.958003997802734,47.08984375,0.0
3244,830464000,13.613075256347656,45.996002197265625,-4.016000270843506,47.328125,0.0
3245,830720000,13.405930519104004,42.0160026550293,-20.00200080871582,46.65234375,0.0
3246,830976000,13.085808753967285,58.022003173828125,-22.040000915527344,47.0546875,0.0
3247,831232000,12.956859588623047,79.9320068359375,-61.91400146484375,46.73046875,0.0
3248,831488000,12.784629821777344,12.0260009765625,24.00200080871582,46.2734375,0.0
3249,831744000,12.25853157043457,38.022003173828125,25.93000030517578,46.65234375,0.0
3250,832000000,12.976593971252441,59.996002197265625,-43.980003356933594,46.69921875,0.0
3251,832256000,13.008082389831543,55.9900016784668,-23.988000869750977,47.52734375,0.0
3252,832512000,13.27710247039795,46.00200271606445,-11.994000434875488,46.5703125,0.0
3253,832768000,13.03720760345459,48.00400161743164,-6.028000354766846,47.62109375,0.0
3254,833024000,15.083536148071289,51.99400329589844,-34.02400207519531,46.66015625,0.0
3255,833280000,12.684226989746094,46.01000213623047,-58.01400375366211,46.99609375,0.0
3256,833536000,13.315485000610352,55.98400115966797,-71.93800354003906,46.4375,0.0
3257,833792000,12.395238876342773,40.02000045776367,-9.998000144958496,46.625,0.0
3258,834048000,13.100723266601562,59.980003356933594,-8.020000457763672,46.26171875,0.0
3259,834304000,12.261641502380371,40.01000213623047,-27.990001678466797,46.515625,0.0
3260,834560000,12.184558868408203,50.012001037597656,-18.040000915527344,47.33203125,0.0
3261,834816000,13.148770332336426,61.99200439453125,-57.936004638671875,46.7421875,0.0
3262,835072000,13.479660987854004,53.9900016784668,5.964000225067139,46.51953125,0.0
3263,835328000,12.67308235168457,44.0260009765625,-30.00400161743164,47.34765625,0.0
3264,835584000,13.877883911132812,69.98400115966797,-33.99800109863281,46.80078125,0.0
3265,835840000,12.85603141784668,54.01400375366211,-32.00600051879883,46.9296875,0.0
3266,836096000,13.418208122253418,67.99600219726562,-37.98400115966797,47.06640625,0.0
3267,836352000,13.656286239624023,64.01800537109375,-22.076000213623047,47.296875,0.0
3268,836608000,13.691996574401855,81.9780044555664,-97.92200469970703,47.3203125,0.0
3269,836864000,14.279242515563965,60.02000427246094,-20.07200050354004,46.50390625,0.0
3270,837120000,12.275492668151855,79.99200439453125,-91.9580078125,47.4453125,0.0
3271,837376000,14.3267822265625,71.99800109863281,-50.00600051879883,46.83203125,0.0
3272,837632000,12.984195709228516,69.99200439453125,-55.958003997802734,46.4609375,0.0
3273,837888000,12.804824829101562,61.99200439453125,-14.040000915527344,46.875,0.0
3274,838144000,12.942359924316406,54.02000427246094,-54.00800323486328,47.2421875,0.0
3275,838400000,13.89448070526123,73.97200012207031,-61.928001403808594,47.59375,0.0
3276,838656000,13.843043327331543,45.99800109863281,9.980000495910645,47.3046875,0.0
3277,838912000,13.135547637939453,44.00200271606445,-9.972000122070312,45.80859375,0.0
3278,839168000,11.96633243560791,45.99400329589844,17.988000869750977,47.0234375,0.0
3279,839424000,13.45278549194336,40.01000213623047,5.994000434875488,47.0703125,0.0
3280,839680000,13.114340782165527,50.00200271606445,0.006000000052154064,47.10546875,0.0
3281,839936000,14.171656608581543,52.00800323486328,5.968000411987305,47.93359375,0.0
3282,840192000,13.953465461730957,59.99800109863281,-26.018001556396484,47.68359375,0.0
3283,840448000,14.291820526123047,57.99800109863281,-43.96600341796875,46.5,0.0
3284,840704000,13.144547462463379,55.96600341796875,-9.962000846862793,47.03515625,0.0
3285,840960000,13.160528182983398,22.034000396728516,27.952001571655273,47.33203125,0.0
3286,841216000,13.532281875610352,55.99200439453125,-20.014001846313477,47.4765625,0.0
3287,841472000,14.561511993408203,47.99800109863281,-33.98800277709961,46.8671875,0.0
3288,841728000,13.573226928710938,46.00800323486328,-21.98600196838379,46.28125,0.0
3289,841984000,12.582645416259766,54.01000213623047,-8.038000106811523,47.43359375,0.0
3290,842240000,13.196016311645508,63.9900016784668,-46.00200271606445,47.34765625,0.0
3291,842496000,13.897750854492188,53.996002197265625,-47.98400115966797,46.9296875,0.0
3292,842752000,13.21052360534668,50.01000213623047,-32.00400161743164,46.65625,0.0
3293,843008000,12.797590255737305,59.99800109863281,-35.97800064086914,46.83203125,0.0
3294,843264000,13.511285781860352,58.018001556396484,-14.068000793457031,46.70703125,0.0
3295,843520000,13.079090118408203,76.0060043334961,-81.98200225830078,47.14453125,0.0
3296,843776000,14.041363716125488,81.98600769042969,-63.97200393676758,45.80078125,0.0
3297,844032000,12.438468933105469,67.98200225830078,-35.98200225830078,46.73046875,0.0
3298,844288000,13.405461311340332,49.99400329589844,-18.0,46.78515625,0.0
3299,844544000,12.617114067077637,44.01400375366211,-18.00800132751465,46.74609375,0.0
3300,844800000,12.542360305786133,57.9900016784668,-25.994001388549805,46.1171875,0.0
3301,845056000,11.933758735656738,48.02800369262695,-20.066001892089844,46.48046875,0.0
3302,845312000,12.097739219665527,75.98200225830078,-85.93000030517578,46.42578125,0.0
3303,845568000,12.180723190307617,58.012001037597656,-16.016000747680664,47.2421875,0.0
3304,845824000,13.214629173278809,69.97000122070312,-31.944002151489258,46.6640625,0.0
3305,846080000,13.000547409057617,40.02800369262695,23.920001983642578,46.99609375,0.0
3306,846336000,13.546035766601562,67.98800659179688,-55.96000289916992,47.109375,0.0
3307,846592000,12.707160949707031,56.01400375366211,-16.054000854492188,46.5703125,0.0
3308,846848000,12.834762573242188,69.97200012207031,-69.9280014038086,45.99609375,0.0
3309,847104000,11.662219047546387,42.00800323486328,1.998000144958496,46.9140625,0.0
3310,847360000,13.722312927246094,49.9900016784668,0.018000001087784767,46.9296875,0.0
3311,847616000,13.378570556640625,40.00200271606445,17.990001678466797,46.8515625,0.0
3312,847872000,13.041711807250977,41.996002197265625,7.964000225067139,46.30078125,0.0
3313,848128000,11.785750389099121,38.018001556396484,-28.01000213623047,46.27734375,0.0
3314,848384000,12.380422592163086,56.03400421142578,-38.03000259399414,47.4375,0.0
3315,848640000,13.892644882202148,89.99400329589844,-68.02000427246094,46.4765625,0.0
3316,848896000,12.008050918579102,83.96000671386719,-87.90400695800781,46.328125,0.0
3317,849152000,12.246012687683105,44.02400207519531,7.964000225067139,46.05078125,0.0
3318,849408000,12.16382122039795,67.97600555419922,-27.966001510620117,46.0078125,0.0
3319,849664000,11.923367500305176,44.03600311279297,5.932000160217285,46.65234375,0.0
3320,849920000,13.414175987243652,79.95000457763672,-61.900001525878906,47.44140625,0.0
3321,850176000,13.527070999145508,30.032001495361328,37.922000885009766,46.75390625,0.0
3322,850432000,13.254364013671875,61.996002197265625,-40.012001037597656,47.27734375,0.0
3323,850688000,13.709859848022461,58.02000427246094,-52.00400161743164,47.0625,0.0
3324,850944000,12.632403373718262,77.99600219726562,-56.02400207519531,46.42578125,0.0
3325,851200000,12.223363876342773,73.99000549316406,-79.94000244140625,46.4765625,0.0
3326,851456000,12.929887771606445,64.00200653076172,-20.020000457763672,46.77734375,0.0
3327,851712000,13.128067016601562,65.99200439453125,-40.0420036315918,46.12890625,0.0
3328,851968000,12.288726806640625,57.99800109863281,-81.97200012207031,46.19140625,0.0
3329,852224000,11.9542818069458,56.022003173828125,-54.03000259399414,47.29296875,0.0
3330,852480000,13.109156608581543,78.01200103759766,-84.01000213623047,46.48828125,0.0
3331,852736000,12.890684127807617,89.9580078125,-93.91200256347656,47.08984375,0.0
3332,852992000,12.949281692504883,47.99400329589844,-6.002000331878662,46.51171875,0.0
3333,853248000,13.01285171508789,42.022003173828125,-8.034000396728516,47.01953125,0.0
3334,853504000,14.143805503845215,63.99400329589844,-41.97600173950195,47.0703125,0.0
3335,853760000,13.416781425476074,57.98600387573242,-17.98400115966797,46.75390625,0.0
3336,854016000,12.230445861816406,44.03600311279297,-2.06000018119812,46.34765625,0.0
3337,854272000,12.20726203918457,79.99400329589844,-62.00800323486328,46.05078125,0.0
3338,854528000,12.43746566772461,73.98800659179688,-69.93800354003906,46.5,0.0
3339,854784000,12.401668548583984,61.98600387573242,-8.030000686645508,45.6171875,0.0
3340,855040000,11.727043151855469,48.02000045776367,-38.04600143432617,46.10546875,0.0
3341,855296000,12.207000732421875,67.9780044555664,-83.91600036621094,45.99609375,0.0
3342,855552000,12.176887512207031,46.00800323486328,-0.012000000104308128,47.015625,0.0
3343,855808000,13.28022289276123,53.98800277709961,-12.030000686645508,45.953125,0.0
3344,856064000,12.254590034484863,42.00800323486328,-41.974002838134766,47.015625,0.0
3345,856320000,12.938414573669434,49.992000579833984,-16.02400016784668,46.87890625,0.0
3346,856576000,13.851114273071289,42.034000396728516,-40.0160026550293,47.3125,0.0
3347,856832000,13.403813362121582,75.98400115966797,-55.97600173950195,48.11328125,0.0
3348,857088000,14.867794036865234,60.022003173828125,-32.066001892089844,46.25,0.0
3349,857344000,11.571027755737305,81.96600341796875,-97.90200805664062,46.65625,0.0
3350,857600000,12.285926818847656,48.02000045776367,-0.030000001192092896,46.77734375,0.0
3351,857856000,13.054047584533691,68.00800323486328,-30.052001953125,46.58984375,0.0
3352,858112000,12.415739059448242,75.97600555419922,-81.9260025024414,47.98828125,0.0
3353,858368000,14.089750289916992,52.00400161743164,-8.052000045776367,47.5,0.0
3354,858624000,13.995308876037598,56.000003814697266,-59.96800231933594,46.609375,0.0
3355,858880000,13.211766242980957,56.0260009765625,-28.060001373291016,47.18359375,0.0
3356,859136000,14.03833293914795,82.00200653076172,-87.99200439453125,46.9453125,0.0
3357,859392000,13.30856704711914,83.96600341796875,-79.94200134277344,46.73828125,0.0
3358,859648000,13.280508041381836,50.01400375366211,-22.0260009765625,46.328125,0.0
3359,859904000,12.539484977722168,63.974002838134766,-47.96000289916992,46.9453125,0.0
3360,860160000,12.960929870605469,38.040000915527344,-8.058000564575195,46.90234375,0.0
3361,860416000,12.952902793884277,77.98200225830078,-65.95000457763672,46.7421875,0.0
3362,860672000,12.730500221252441,59.98400115966797,-16.016000747680664,46.140625,0.0
3363,860928000,12.76212215423584,44.0260009765625,-31.996002197265625,46.67578125,0.0
3364,861184000,13.164551734924316,69.9780044555664,-27.996002197265625,47.2734375,0.0
3365,861440000,13.652501106262207,48.02000045776367,-24.042001724243164,47.54296875,0.0
3366,861696000,13.807113647460938,67.99200439453125,-65.93800354003906,46.48828125,0.0
3367,861952000,12.3305082321167,59.97200393676758,-3.9700002670288086,47.58203125,0.0
3368,862208000,14.710351943969727,32.040000915527344,25.93800163269043,47.3828125,0.0
3369,862464000,14.123703956604004,71.99600219726562,-36.00400161743164,46.921875,0.0
3370,862720000,12.828254699707031,67.98400115966797,-39.92400360107422,46.8984375,0.0
3371,862976000,12.958133697509766,52.00800323486328,35.94200134277344,47.5703125,0.0
3372,863232000,14.058196067810059,60.00800323486328,-22.0260009765625,46.859375,0.0
3373,863488000,13.65866470336914,67.98200225830078,-47.97200393676758,45.98046875,0.0
3374,863744000,12.169062614440918,50.03400421142578,-20.056001663208008,46.6484375,0.0
3375,864000000,13.262914657592773,83.97400665283203,-75.97000122070312,47.94140625,0.0
3376,864256000,14.455621719360352,57.98200225830078,-45.952003479003906,47.0859375,0.0
3377,864512000,13.046754837036133,40.012001037597656,1.9820001125335693,46.44921875,0.0
3378,864768000,12.926328659057617,52.0160026550293,-16.058000564575195,47.41796875,0.0
3379,865024000,13.472579002380371,68.0,-73.97400665283203,46.50390625,0.0
3380,865280000,13.393684387207031,67.98600006103516,-47.9900016784668,46.75,0.0
3381,865536000,12.548410415649414,53.996002197265625,-37.97200012207031,47.33203125,0.0
3382,865792000,14.08115291595459,50.00600051879883,-10.052000045776367,46.5859375,0.0
3383,866048000,13.20258617401123,56.00400161743164,-61.96600341796875,46.2421875,0.0
3384,866304000,12.664676666259766,60.00200271606445,-28.00400161743164,46.77734375,0.0
3385,866560000,13.27731704711914,62.000003814697266,-31.98600196838379,46.75390625,0.0
3386,866816000,13.250059127807617,61.98400115966797,-18.042001724243164,46.9453125,0.0
3387,867072000,13.307527542114258,46.02000045776367,-59.97600173950195,46.41015625,0.0
3388,867328000,12.24256706237793,66.02200317382812,-36.04199981689453,46.3984375,0.0
3389,867584000,12.620718955993652,87.97600555419922,-77.94000244140625,46.56640625,0.0
3390,867840000,12.246996879577637,64.01200103759766,-18.052000045776367,47.484375,0.0
3391,868096000,13.1478910446167,75.97000122070312,-69.96200561523438,47.20703125,0.0
3392,868352000,12.602035522460938,46.00200271606445,-31.972002029418945,47.2265625,0.0
3393,868608000,13.07326602935791,48.02800369262695,-4.056000232696533,45.96484375,0.0
3394,868864000,12.12085247039795,75.99800109863281,-60.0160026550293,45.859375,0.0
3395,869120000,11.879500389099121,73.99800109863281,-75.9780044555664,46.44140625,0.0
3396,869376000,12.472437858581543,72.0040054321289,-53.96800231933594,46.234375,0.0
3397,869632000,12.253973007202148,75.9780044555664,-22.014001846313477,46.42578125,0.0
3398,869888000,12.320270538330078,54.02400207519531,-36.034000396728516,46.82421875,0.0
3399,870144000,12.27744197845459,77.95800018310547,-69.94600677490234,46.43359375,0.0
3400,870400000,12.375457763671875,36.02799987792969,-16.036001205444336,46.9140625,0.0
3401,870656000,12.83198070526123,63.98400115966797,-51.94400405883789,46.7421875,0.0
3402,870912000,12.781469345092773,48.000003814697266,4.008000373840332,46.90234375,0.0
3403,871168000,13.000457763671875,47.99800109863281,12.004000663757324,47.26953125,0.0
3404,871424000,13.457118034362793,46.022003173828125,15.934000968933105,46.7890625,0.0
3405,871680000,13.542125701904297,67.97000122070312,-49.958003997802734,46.5546875,0.0
3406,871936000,12.699000358581543,38.034000396728516,-8.050000190734863,46.57421875,0.0
3407,872192000,12.4816255569458,71.99800109863281,-58.0160026550293,47.19140625,0.0
3408,872448000,13.636102676391602,69.98200225830078,-73.96400451660156,46.48828125,0.0
3409,872704000,13.019250869750977,51.99800109863281,-38.0,47.09375,0.0
3410,872960000,12.739106178283691,50.02800369262695,-38.0260009765625,47.015625,0.0
3411,873216000,13.562277793884277,77.96800231933594,-63.954002380371094,46.99609375,0.0
3412,873472000,13.340625762939453,46.012001037597656,-18.02800178527832,46.80859375,0.0
3413,873728000,14.119719505310059,58.01400375366211,-46.01000213623047,46.828125,0.0
3414,873984000,12.74506664276123,72.0,-55.99200439453125,45.671875,0.0
3415,874240000,11.718762397766113,71.9780044555664,-47.96600341796875,46.43359375,0.0
3416,874496000,11.729989051818848,50.0160026550293,-14.016000747680664,45.53125,0.0
3417,874752000,11.251872062683105,65.99600219726562,-30.012001037597656,46.2890625,0.0
3418,875008000,13.12116813659668,62.01000213623047,-42.00800323486328,46.3671875,0.0
3419,875264000,13.195239067077637,71.98400115966797,-49.97800064086914,47.3203125,0.0
3420,875520000,13.120930671691895,56.000003814697266,-27.972002029418945,46.6328125,0.0
3421,875776000,12.956250190734863,56.00800323486328,-0.06599999964237213,46.109375,0.0
3422,876032000,12.175363540649414,63.98400115966797,-65.92000579833984,46.375,0.0
3423,876288000,11.758820533752441,47.98800277709961,13.976000785827637,46.30078125,0.0
3424,876544000,12.765336990356445,36.018001556396484,-10.0,46.31640625,0.0
3425,876800000,12.476347923278809,53.99200439453125,-10.022000312805176,45.92578125,0.0
3426,877056000,12.262547492980957,46.00400161743164,-31.992000579833984,46.91015625,0.0
3427,877312000,13.089762687683105,50.01400375366211,-24.020000457763672,46.84765625,0.0
3428,877568000,13.006754875183105,63.98200225830078,-44.018001556396484,45.99609375,0.0
3429,877824000,11.949102401733398,46.01000213623047,-61.98600387573242,45.56640625,0.0
3430,878080000,11.832008361816406,55.978004455566406,-47.93000411987305,46.484375,0.0
3431,878336000,11.80889892578125,34.04199981689453,21.91400146484375,46.21875,0.0
3432,878592000,12.114152908325195,75.97200012207031,-63.94600296020508,47.19921875,0.0
3433,878848000,12.984586715698242,48.03600311279297,-10.052000045776367,46.828125,0.0
3434,879104000,13.194504737854004,83.96400451660156,-61.948001861572266,46.5625,0.0
3435,879360000,12.387578964233398,48.018001556396484,-10.02400016784668,46.578125,0.0
3436,879616000,13.24465274810791,66.0040054321289,-34.01000213623047,45.83203125,0.0
3437,879872000,11.80573844909668,69.97400665283203,-43.974002838134766,47.07421875,0.0
3438,880128000,12.853859901428223,44.018001556396484,-18.0260009765625,45.6640625,0.0
3439,880384000,11.24724292755127,61.9900016784668,-43.97600173950195,46.7109375,0.0
3440,880640000,12.394828796386719,52.012001037597656,-20.030000686645508,46.69140625,0.0
3441,880896000,12.690313339233398,63.97600173950195,-49.93600082397461,46.140625,0.0
3442,881152000,11.598992347717285,40.044002532958984,13.904000282287598,47.16015625,0.0
3443,881408000,12.933238983154297,83.97600555419922,-81.96600341796875,46.15234375,0.0
3444,881664000,12.579160690307617,60.000003814697266,-48.01400375366211,47.3515625,0.0
3445,881920000,13.613180160522461,59.98400115966797,-61.970001220703125,46.703125,0.0
3446,882176000,13.511703491210938,44.0260009765625,-32.01000213623047,46.5859375,0.0
3447,882432000,13.495508193969727,70.01600646972656,-42.03200149536133,46.16796875,0.0
3448,882688000,12.911258697509766,85.9580078125,-73.94400024414062,47.21484375,0.0
3449,882944000,14.009516716003418,44.0260009765625,-18.04800033569336,46.0703125,0.0
3450,883200000,11.80980110168457,69.99600219726562,-65.99400329589844,46.84765625,0.0
3451,883456000,13.016383171081543,66.01000213623047,-60.01000213623047,47.60546875,0.0
3452,883712000,13.771387100219727,76.0,-69.98600006103516,46.10546875,0.0
3453,883968000,11.724590301513672,76.00800323486328,-55.96800231933594,47.3203125,0.0
3454,884224000,13.655801773071289,83.98200225830078,-24.02800178527832,46.97265625,0.0
3455,884480000,13.206156730651855,65.99200439453125,-51.98400115966797,46.6015625,0.0
3456,884736000,12.332961082458496,58.022003173828125,-36.040000915527344,46.87109375,0.0
3457,884992000,13.260793685913086,79.96400451660156,-75.92200469970703,46.4140625,0.0
3458,885248000,12.336801528930664,44.000003814697266,1.9760000705718994,46.6015625,0.0
3459,885504000,13.198633193969727,43.992000579833984,-21.992000579833984,46.6953125,0.0
3460,885760000,12.613836288452148,36.02799987792969,-14.03800106048584,47.36328125,0.0
3461,886016000,13.168700218200684,63.98800277709961,-51.94400405883789,47.2578125,0.0
3462,886272000,13.897266387939453,52.00400161743164,3.9760000705718994,46.5859375,0.0
3463,886528000,12.727395057678223,55.980003356933594,-20.00400161743164,47.05078125,0.0
3464,886784000,13.558008193969727,36.03000259399414,-24.024002075195312,47.1328125,0.0
3465,887040000,12.972867965698242,65.99200439453125,-47.992000579833984,46.41796875,0.0
3466,887296000,13.183270454406738,58.00200271606445,-40.03200149536133,46.71875,0.0
3467,887552000,12.858895301818848,60.000003814697266,-71.98400115966797,46.703125,0.0
3468,887808000,12.379809379577637,60.006004333496094,-55.980003356933594,46.703125,0.0
3469,888064000,13.281059265136719,66.00200653076172,-36.022003173828125,46.671875,0.0
3470,888320000,13.089004516601562,67.97400665283203,-57.94400405883789,46.18359375,0.0
3471,888576000,12.251195907592773,42.018001556396484,-2.0280001163482666,46.5546875,0.0
3472,888832000,13.4445161819458,59.99200439453125,-29.994001388549805,46.92578125,0.0
3473,889088000,12.648965835571289,51.9640007019043,-23.9580020904541,46.68359375,0.0
3474,889344000,13.175411224365234,16.04800033569336,17.926000595092773,47.09765625,0.0
3475,889600000,12.805309295654297,63.970001220703125,-55.94600296020508,47.19140625,0.0
3476,889856000,13.426414489746094,34.02000045776367,-2.01200008392334,47.2109375,0.0
3477,890112000,14.05797290802002,54.01400375366211,-14.030000686645508,47.2578125,0.0
3478,890368000,13.43641471862793,68.00200653076172,-43.96600341796875,46.4296875,0.0
3479,890624000,12.35278606414795,70.0060043334961,-10.050000190734863,47.359375,0.0
3480,890880000,13.574051856994629,75.9780044555664,-59.980003356933594,46.75,0.0
3481,891136000,13.405340194702148,54.00200271606445,-39.97200012207031,46.84375,0.0
3482,891392000,12.4965238571167,56.00200271606445,-12.02400016784668,46.7109375,0.0
3483,891648000,12.925848007202148,58.0260009765625,-36.044002532958984,47.21484375,0.0
3484,891904000,12.991992950439453,83.97200775146484,-79.94400024414062,46.71484375,0.0
3485,892160000,12.797207832336426,56.00200271606445,-23.968000411987305,46.8828125,0.0
3486,892416000,13.12893009185791,57.99400329589844,7.998000144958496,46.703125,0.0
3487,892672000,13.152434349060059,52.000003814697266,5.982000350952148,46.9765625,0.0
3488,892928000,13.241918563842773,51.98600387573242,-12.020000457763672,46.53125,0.0
3489,893184000,12.971840858459473,38.02400207519531,-31.97800064086914,46.35546875,0.0
3490,893440000,12.15627384185791,61.96000289916992,-9.994000434875488,46.09375,0.0
3491,893696000,12.180336952209473,22.04400062561035,-4.046000003814697,46.859375,0.0
3492,893952000,12.82799243927002,66.00800323486328,-50.022003173828125,46.390625,0.0
3493,894208000,12.695196151733398,73.99000549316406,-71.96200561523438,46.5625,0.0
3494,894464000,12.57884407043457,63.98800277709961,-34.02000045776367,47.12109375,0.0
3495,894720000,13.297000885009766,52.00400161743164,-53.95000076293945,47.6796875,0.0
3496,894976000,13.421340942382812,55.98200225830078,-3.9620001316070557,46.7578125,0.0
3497,895232000,12.886133193969727,38.012001037597656,33.922000885009766,46.671875,0.0
3498,895488000,12.2999267578125,50.00400161743164,-43.98200225830078,45.8515625,0.0
3499,895744000,11.446551322937012,53.996002197265625,-25.990001678466797,47.1171875,0.0
3500,896000000,12.684066772460938,50.000003814697266,-15.992000579833984,46.8671875,0.0
3501,896256000,13.15601634979248,50.00800323486328,-7.998000144958496,46.65234375,0.0
3502,896512000,12.921934127807617,58.00400161743164,-6.016000270843506,46.7890625,0.0
3503,896768000,12.980278015136719,62.01000213623047,-22.046001434326172,46.265625,0.0
3504,897024000,12.78892993927002,72.0040054321289,-67.99000549316406,46.84375,0.0
3505,897280000,12.657266616821289,75.99600219726562,-58.012001037597656,47.09765625,0.0
3506,897536000,13.670907020568848,71.97200012207031,-69.92200469970703,46.765625,0.0
3507,897792000,12.703184127807617,44.01400375366211,7.960000514984131,46.8125,0.0
3508,898048000,12.76153564453125,57.99200439453125,-31.952001571655273,46.6875,0.0
3509,898304000,12.578590393066406,50.03000259399414,15.940000534057617,46.6796875,0.0
3510,898560000,13.042867660522461,80.01000213623047,-44.0160026550293,46.9609375,0.0
3511,898816000,12.94317626953125,89.9540023803711,-59.94400405883789,47.46484375,0.0
3512,899072000,14.709418296813965,44.012001037597656,-4.0320000648498535,47.15625,0.0
3513,899328000,13.191351890563965,56.01400375366211,-36.01000213623047,47.046875,0.0
3514,899584000,13.137890815734863,69.9800033569336,-45.98600387573242,47.171875,0.0
3515,899840000,14.306992530822754,50.01400375366211,-31.988000869750977,46.5625,0.0
3516,900096000,12.708043098449707,63.980003356933594,-19.996000289916992,47.46484375,0.0
3517,900352000,13.71866512298584,44.03200149536133,-16.05000114440918,47.05859375,0.0
3518,900608000,13.632118225097656,75.95000457763672,-65.91000366210938,46.5078125,0.0
3519,900864000,12.937324523925781,26.05000114440918,23.91200065612793,46.60546875,0.0
3520,901120000,12.761953353881836,75.99400329589844,-63.99400329589844,46.765625,0.0
3521,901376000,12.996586799621582,69.98600006103516,-57.996002197265625,47.73046875,0.0
3522,901632000,13.488336563110352,56.00400161743164,-53.980003356933594,47.609375,0.0
3523,901888000,13.54237174987793,60.006004333496094,-34.022003173828125,46.98046875,0.0
3524,902144000,12.945140838623047,65.99000549316406,-55.974002838134766,46.52734375,0.0
3525,902400000,12.7738676071167,56.03400421142578,-30.03400230407715,47.21875,0.0
3526,902656000,13.202949523925781,89.9800033569336,-64.00200653076172,46.6484375,0.0
3527,902912000,13.027231216430664,69.9800033569336,-65.94400024414062,46.859375,0.0
3528,903168000,12.913309097290039,49.996002197265625,-9.992000579833984,46.203125,0.0
3529,903424000,12.160688400268555,46.012001037597656,-2.0300002098083496,46.81640625,0.0
3530,903680000,12.69101619720459,58.0160026550293,-32.034000396728516,46.61328125,0.0
3531,903936000,12.300848007202148,74.01200103759766,-66.01000213623047,46.15625,0.0
3532,904192000,12.367746353149414,85.9800033569336,-75.99200439453125,46.70703125,0.0
3533,904448000,12.92477798461914,65.99000549316406,-67.9520034790039,46.6171875,0.0
3534,904704000,11.921645164489746,55.974002838134766,-19.994001388549805,45.484375,0.0
3535,904960000,11.692093849182129,29.996002197265625,-13.956000328063965,46.5546875,0.0
3536,905216000,12.380215644836426,26.012001037597656,29.98600196838379,46.88671875,0.0
3537,905472000,13.686551094055176,38.03200149536133,15.93600082397461,46.9140625,0.0
3538,905728000,12.737773895263672,70.01000213623047,-48.03000259399414,45.8828125,0.0
3539,905984000,12.229735374450684,79.97200012207031,-77.94200134277344,45.97265625,0.0
3540,906240000,11.496691703796387,52.02000427246094,-20.02400016784668,46.26171875,0.0
3541,906496000,12.094563484191895,71.9800033569336,-43.96800231933594,46.53515625,0.0
3542,906752000,12.906055450439453,51.99400329589844,-12.00200080871582,46.625,0.0
3543,907008000,12.711559295654297,46.02000045776367,-14.0600004196167,47.08203125,0.0
3544,907264000,13.331926345825195,65.99600219726562,-73.95000457763672,46.625,0.0
3545,907520000,13.226265907287598,62.00200271606445,-24.00800132751465,47.21484375,0.0
3546,907776000,12.930294036865234,63.980003356933594,-31.970001220703125,47.40234375,0.0
3547,908032000,13.534492492675781,44.00800323486328,-2.01200008392334,46.80078125,0.0
3548,908288000,12.87044620513916,51.996002197265625,-13.976000785827637,46.0859375,0.0
3549,908544000,12.2233247756958,48.034000396728516,9.93600082397461,46.3359375,0.0
3550,908800000,12.890320777893066,81.99200439453125,-53.99400329589844,46.37109375,0.0
3551,909056000,12.586563110351562,74.00200653076172,-48.02400207519531,46.9140625,0.0
3552,909312000,13.211082458496094,75.99600219726562,-71.97000122070312,46.3671875,0.0
3553,909568000,13.35549259185791,71.98800659179688,-41.97600173950195,46.4765625,0.0
3554,909824000,13.377945899963379,60.0160026550293,-18.022001266479492,46.50390625,0.0
3555,910080000,12.419172286987305,75.97000122070312,-39.992000579833984,46.96875,0.0
3556,910336000,13.620477676391602,46.0160026550293,-32.018001556396484,46.94140625,0.0
3557,910592000,13.002500534057617,61.970001220703125,-49.928001403808594,46.35546875,0.0
3558,910848000,11.598097801208496,32.0160026550293,21.950000762939453,46.75390625,0.0
3559,911104000,12.039504051208496,47.992000579833984,-27.972002029418945,46.5546875,0.0
3560,911360000,12.481597900390625,40.04800033569336,-0.07200000435113907,47.00390625,0.0
3561,911616000,13.607551574707031,87.98400115966797,-71.98800659179688,45.8671875,0.0
3562,911872000,11.785390853881836,71.99400329589844,-59.96600341796875,46.3828125,0.0
3563,912128000,12.018582344055176,66.0,-26.006000518798828,45.67578125,0.0
3564,912384000,11.072352409362793,66.0040054321289,-32.02400207519531,47.5,0.0
3565,912640000,13.10982894897461,69.98400115966797,-55.98800277709961,47.12109375,0.0
3566,912896000,13.562461853027344,53.99400329589844,-43.98800277709961,47.10546875,0.0
3567,913152000,13.522926330566406,47.98600387573242,-31.98600196838379,46.9296875,0.0
3568,913408000,13.012407302856445,34.0160026550293,-17.98200035095215,47.04296875,0.0
3569,913664000,13.699121475219727,50.0160026550293,-0.03800000250339508,47.21875,0.0
3570,913920000,13.600281715393066,65.98800659179688,-38.022003173828125,46.484375,0.0
3571,914176000,12.320754051208496,54.00800323486328,-59.95600128173828,46.3828125,0.0
3572,914432000,12.76237964630127,61.9900016784668,-16.040000915527344,47.12890625,0.0
3573,914688000,13.420985221862793,52.006004333496094,-55.974002838134766,47.15234375,0.0
3574,914944000,12.531743049621582,57.99400329589844,-30.00200080871582,46.8828125,0.0
3575,915200000,13.024406433105469,52.0160026550293,-31.98600196838379,47.0,0.0
3576,915456000,13.991957664489746,67.99400329589844,-18.0260009765625,47.359375,0.0
3577,915712000,13.761246681213379,61.974002838134766,-43.9900016784668,46.95703125,0.0
3578,915968000,13.28950023651123,36.013999938964844,-33.97200012207031,46.93359375,0.0
3579,916224000,13.72581672668457,49.992000579833984,-5.984000205993652,46.4921875,0.0
3580,916480000,12.980402946472168,41.992000579833984,10.020000457763672,46.52734375,0.0
3581,916736000,12.914215087890625,34.02400207519531,29.944002151489258,46.4921875,0.0
3582,916992000,13.067535400390625,57.99800109863281,-26.006000518798828,47.27734375,0.0
3583,917248000,14.195379257202148,55.99200439453125,-32.0,47.66796875,0.0
3584,917504000,14.260590553283691,48.00200271606445,-31.996002197265625,46.96484375,0.0
3585,917760000,13.133301734924316,49.9900016784668,-27.968000411987305,47.171875,0.0
3586,918016000,13.620926856994629,40.00600051879883,3.996000289916992,46.97265625,0.0
3587,918272000,13.453875541687012,45.98600387573242,0.02800000086426735,47.16796875,0.0
3588,918528000,14.20242691040039,32.02799987792969,27.942001342773438,46.92578125,0.0
3589,918784000,13.503704071044922,59.98200225830078,-29.972002029418945,47.74609375,0.0
3590,919040000,13.300687789916992,42.022003173828125,-2.05400013923645,46.91796875,0.0
3591,919296000,13.206859588623047,63.99400329589844,-55.974002838134766,46.81640625,0.0
3592,919552000,13.033886909484863,57.980003356933594,-29.968002319335938,45.984375,0.0
3593,919808000,11.766871452331543,38.012001037597656,1.9580000638961792,46.55859375,0.0
3594,920064000,13.011887550354004,50.01400375366211,-39.996002197265625,47.22265625,0.0
3595,920320000,13.179727554321289,64.0,-36.038002014160156,46.6015625,0.0
3596,920576000,13.218438148498535,64.0040054321289,-73.97000122070312,46.83203125,0.0
3597,920832000,12.90662956237793,67.97000122070312,-43.952003479003906,47.0234375,0.0
3598,921088000,13.284520149230957,38.022003173828125,4.0,47.06640625,0.0
3599,921344000,12.648770332336426,59.98600387573242,3.9800002574920654,47.1875,0.0
3600,921600000,12.980180740356445,46.0260009765625,-16.06599998474121,46.47265625,0.0
3601,921856000,12.69088363647461,71.97600555419922,-81.94200134277344,45.8984375,0.0
3602,922112000,12.168031692504883,48.00400161743164,-23.98000144958496,46.375,0.0
3603,922368000,12.230836868286133,52.02000427246094,-4.054000377655029,46.49609375,0.0
3604,922624000,12.59803581237793,71.99200439453125,-57.996002197265625,46.6015625,0.0
3605,922880000,12.976351737976074,63.96400451660156,-53.948001861572266,46.30078125,0.0
3606,923136000,12.765637397766113,28.022001266479492,-2.0180001258850098,46.86328125,0.0
3607,923392000,12.776985168457031,50.00400161743164,-19.986000061035156,46.62109375,0.0
3608,923648000,12.41750431060791,54.0160026550293,-6.028000354766846,46.00390625,0.0
3609,923904000,11.954625129699707,70.01000213623047,-34.02400207519531,47.0859375,0.0
3610,924160000,13.452645301818848,79.97600555419922,-57.96800231933594,47.00390625,0.0
3611,924416000,12.972180366516113,55.99400329589844,-26.00400161743164,46.859375,0.0
3612,924672000,12.495645523071289,49.996002197265625,-29.98600196838379,46.0078125,0.0
3613,924928000,12.0473051071167,45.992000579833984,-16.010000228881836,46.375,0.0
3614,925184000,12.476629257202148,38.018001556396484,-25.994001388549805,46.8125,0.0
3615,925440000,12.54222297668457,56.01400375366211,-20.042001724243164,46.265625,0.0
3616,925696000,11.797496795654297,69.96600341796875,-61.926002502441406,46.66796875,0.0
3617,925952000,12.417668342590332,36.013999938964844,11.962000846862793,45.88671875,0.0
3618,926208000,12.116398811340332,49.97800064086914,-25.970001220703125,45.4765625,0.0
3619,926464000,11.328817367553711,28.016000747680664,3.9620001316070557,45.921875,0.0
3620,926720000,12.019949913024902,43.996002197265625,-33.96800231933594,46.578125,0.0
3621,926976000,12.438125610351562,40.038002014160156,-2.068000078201294,46.9609375,0.0
3622,927232000,13.061239242553711,77.96800231933594,-69.93800354003906,46.25,0.0
3623,927488000,11.802305221557617,46.0160026550293,-8.034000396728516,47.09375,0.0
3624,927744000,13.324492454528809,61.980003356933594,-41.928001403808594,46.7421875,0.0
3625,928000000,13.597789764404297,42.00800323486328,29.968002319335938,46.97265625,0.0
3626,928256000,13.72945785522461,50.02000427246094,-2.0440001487731934,46.22265625,0.0
3627,928512000,12.719820976257324,70.00800323486328,-46.018001556396484,46.921875,0.0
3628,928768000,13.788301467895508,77.95600128173828,-63.95000457763672,46.58984375,0.0
3629,929024000,13.02690315246582,34.038002014160156,-14.034000396728516,46.859375,0.0
3630,929280000,12.586172103881836,71.96800231933594,-47.93600082397461,46.94921875,0.0
3631,929536000,12.819316864013672,40.02000045776367,15.940000534057617,46.6171875,0.0
3632,929792000,11.82570743560791,60.01400375366211,-44.02400207519531,46.5546875,0.0
3633,930048000,13.311328887939453,73.98200225830078,-67.96200561523438,45.9140625,0.0
3634,930304000,12.141297340393066,56.000003814697266,-29.972002029418945,46.33203125,0.0
3635,930560000,12.81350040435791,55.99200439453125,-2.0260000228881836,47.24609375,0.0
3636,930816000,13.812996864318848,48.0160026550293,-28.034000396728516,47.1484375,0.0
3637,931072000,14.307340621948242,63.98800277709961,-61.97200393676758,47.0546875,0.0
3638,931328000,13.054019927978516,52.02000427246094,-34.022003173828125,46.5625,0.0
3639,931584000,12.387063026428223,71.9800033569336,-55.952003479003906,46.44921875,0.0
3640,931840000,12.731243133544922,52.0160026550293,-8.022000312805176,46.86328125,0.0
3641,932096000,13.50364875793457,68.0060043334961,-30.022001266479492,46.828125,0.0
3642,932352000,13.246227264404297,73.9780044555664,-52.000003814697266,46.984375,0.0
3643,932608000,13.378348350524902,52.02000427246094,-51.99400329589844,46.50390625,0.0
3644,932864000,12.821125984191895,71.97000122070312,-45.954002380371094,47.36328125,0.0
3645,933120000,13.631766319274902,42.0260009765625,-0.03400000184774399,46.671875,0.0
3646,933376000,12.586457252502441,67.98600006103516,-33.96600341796875,47.15234375,0.0
3647,933632000,13.106597900390625,54.00400161743164,-0.020000001415610313,47.59765625,0.0
3648,933888000,14.233328819274902,58.040000915527344,-20.078001022338867,46.9609375,0.0
3649,934144000,13.186746597290039,97.93000793457031,-97.90200805664062,46.4921875,0.0
3650,934400000,12.434679985046387,28.018001556396484,-0.00800000037997961,47.3671875,0.0
3651,934656000,13.51976203918457,46.012001037597656,-8.034000396728516,47.29296875,0.0
3652,934912000,13.749313354492188,58.006004333496094,-41.9900016784668,47.125,0.0
3653,935168000,13.0621337890625,63.978004455566406,-31.974000930786133,46.296875,0.0
3654,935424000,12.69589900970459,42.03200149536133,-6.0460004806518555,47.1484375,0.0
3655,935680000,13.280949592590332,74.0,-51.996002197265625,46.6328125,0.0
3656,935936000,12.981437683105469,73.99800109863281,-48.00600051879883,47.390625,0.0
3657,936192000,13.94872760772705,72.0060043334961,-54.0160026550293,46.3671875,0.0
3658,936448000,13.455899238586426,77.96800231933594,-69.94400024414062,45.8671875,0.0
3659,936704000,12.3246488571167,46.00400161743164,-13.998001098632812,46.4921875,0.0
3660,936960000,12.75428581237793,50.01000213623047,-12.030000686645508,47.3671875,0.0
3661,937216000,13.131977081298828,59.9900016784668,-41.99800109863281,46.328125,0.0
3662,937472000,12.29676628112793,50.000003814697266,-39.96000289916992,46.2265625,0.0
3663,937728000,12.187527656555176,50.00600051879883,-0.01600000075995922,46.13671875,0.0
3664,937984000,12.213543891906738,55.99800109863281,-16.00400161743164,45.21484375,0.0
3665,938240000,10.91577434539795,53.98800277709961,-19.974000930786133,46.4921875,0.0
3666,938496000,12.62491512298584,42.01400375366211,5.988000392913818,46.85546875,0.0
3667,938752000,12.53751277923584,56.03000259399414,-6.086000442504883,45.71484375,0.0
3668,939008000,10.989176750183105,85.98600769042969,-91.96400451660156,46.38671875,0.0
3669,939264000,11.883050918579102,71.99600219726562,-56.000003814697266,45.79296875,0.0
3670,939520000,12.12026596069336,67.99200439453125,-55.96200180053711,46.25,0.0
3671,939776000,11.293063163757324,60.006004333496094,-17.998001098632812,46.109375,0.0
3672,940032000,11.387168884277344,65.98600006103516,-16.012001037597656,45.98046875,0.0
3673,940288000,11.836563110351562,51.98400115966797,-27.948001861572266,46.34375,0.0
3674,940544000,12.46118450164795,36.013999938964844,23.940000534057617,46.37109375,0.0
3675,940800000,12.707239151000977,50.00400161743164,-36.00800323486328,46.9765625,0.0
3676,941056000,12.913942337036133,54.006004333496094,-44.00200271606445,46.984375,0.0
3677,941312000,12.793828964233398,59.99200439453125,-45.96800231933594,47.3125,0.0
3678,941568000,13.652750968933105,52.01000213623047,-14.032000541687012,47.59375,0.0
3679,941824000,14.057555198669434,61.98400115966797,-45.96000289916992,47.03515625,0.0
3680,942080000,13.019519805908203,46.03000259399414,-6.052000522613525,46.5,0.0
3681,942336000,13.007254600524902,75.97400665283203,-57.980003356933594,46.65625,0.0
3682,942592000,12.448871612548828,50.03400421142578,-38.0260009765625,46.09765625,0.0
3683,942848000,12.102750778198242,83.95000457763672,-63.94600296020508,46.765625,0.0
3684,943104000,13.28882884979248,34.018001556396484,-10.020000457763672,46.62109375,0.0
3685,943360000,13.054133415222168,52.0160026550293,-30.032001495361328,46.7265625,0.0
3686,943616000,12.500207901000977,67.97600555419922,-61.980003356933594,46.7578125,0.0
3687,943872000,12.707438468933105,44.01400375366211,-41.98400115966797,46.9140625,0.0
3688,944128000,13.1134614944458,58.012001037597656,-26.032001495361328,47.37890625,0.0
3689,944384000,13.292547225952148,69.99800109863281,-57.98400115966797,46.6796875,0.0
3690,944640000,12.869997024536133,67.99600219726562,-41.992000579833984,46.03125,0.0
3691,944896000,11.774504661560059,64.00200653076172,-33.97600173950195,46.60546875,0.0
3692,945152000,12.84007453918457,65.98600006103516,-9.976000785827637,46.71484375,0.0
3693,945408000,13.069559097290039,52.018001556396484,13.952000617980957,47.0234375,0.0
3694,945664000,12.316793441772461,70.00800323486328,-34.03600311279297,46.56640625,0.0
3695,945920000,12.703031539916992,77.96600341796875,-69.91600036621094,45.85546875,0.0
3696,946176000,12.609320640563965,44.000003814697266,13.968000411987305,46.1328125,0.0
3697,946432000,12.555684089660645,44.0160026550293,-18.016000747680664,46.859375,0.0
3698,946688000,13.549535751342773,59.99800109863281,-34.02000045776367,46.29296875,0.0
3699,946944000,12.304945945739746,57.9900016784668,-53.974002838134766,46.22265625,0.0
3700,947200000,12.56203556060791,47.98400115966797,-27.972002029418945,46.3359375,0.0
3701,947456000,12.099387168884277,32.022003173828125,-0.0020000000949949026,47.38671875,0.0
3702,947712000,13.826523780822754,54.00800323486328,-2.0280001163482666,46.28125,0.0
3703,947968000,12.22673511505127,61.98800277709961,-29.996002197265625,46.703125,0.0
3704,948224000,12.400699615478516,50.00200271606445,-26.01000213623047,48.06640625,0.0
3705,948480000,14.658934593200684,51.9900016784668,-35.96000289916992,46.94921875,0.0
3706,948736000,13.437376022338867,42.00200271606445,4.002000331878662,46.95703125,0.0
3707,948992000,13.3121337890625,44.01000213623047,5.970000267028809,46.63671875,0.0
3708,949248000,12.946430206298828,54.018001556396484,-24.018001556396484,47.11328125,0.0
3709,949504000,14.061973571777344,71.99200439453125,-41.98600387573242,47.02734375,0.0
3710,949760000,13.533895492553711,63.97600173950195,-28.012001037597656,46.60546875,0.0
3711,950016000,12.274621963500977,40.0260009765625,-40.018001556396484,47.16015625,0.0
3712,950272000,13.455660820007324,66.00800323486328,-57.9900016784668,46.625,0.0
3713,950528000,12.086199760437012,73.99000549316406,-47.96200180053711,46.69921875,0.0
3714,950784000,12.3468017578125,63.98600387573242,-10.01200008392334,45.953125,0.0
3715,951040000,11.492820739746094,50.022003173828125,-22.02400016784668,46.3203125,0.0
3716,951296000,12.125621795654297,71.96400451660156,-45.954002380371094,46.1484375,0.0
3717,951552000,12.746294021606445,36.02799987792969,-0.05400000140070915,47.3359375,0.0
3718,951808000,12.945363998413086,64.00800323486328,-53.996002197265625,46.55859375,0.0
3719,952064000,12.996465682983398,71.97600555419922,-49.98200225830078,46.4609375,0.0
3720,952320000,13.366942405700684,47.98600387573242,-31.98000144958496,46.625,0.0
3721,952576000,13.120246887207031,34.012001037597656,-11.994000434875488,46.95703125,0.0
3722,952832000,12.27302360534668,46.00400161743164,-6.034000396728516,45.91796875,0.0
3723,953088000,11.860360145568848,50.02400207519531,-40.018001556396484,46.38671875,0.0
3724,953344000,12.842254638671875,73.97200012207031,-57.94000244140625,45.8515625,0.0
3725,953600000,11.34985637664795,46.000003814697266,1.9720001220703125,47.25,0.0
3726,953856000,13.545411109924316,46.01400375366211,-26.030000686645508,46.58203125,0.0
3727,954112000,12.081730842590332,59.99800109863281,-55.97200393676758,46.3515625,0.0
3728,954368000,11.78260612487793,58.02000427246094,-28.018001556396484,47.12890625,0.0
3729,954624000,13.136488914489746,77.97400665283203,-45.96800231933594,47.25,0.0
3730,954880000,12.906063079833984,51.97600173950195,-13.986001014709473,46.25390625,0.0
3731,955136000,12.718207359313965,28.022001266479492,-0.02800000086426735,46.41796875,0.0
3732,955392000,12.176977157592773,50.02800369262695,-28.02800178527832,47.23046875,0.0
3733,955648000,13.369680404663086,77.9780044555664,-55.97600173950195,46.38671875,0.0
3734,955904000,11.957817077636719,56.00200271606445,-32.01000213623047,46.6328125,0.0
3735,956160000,12.741547584533691,57.996002197265625,-41.996002197265625,46.515625,0.0
3736,956416000,12.101832389831543,54.01000213623047,-38.03200149536133,46.48046875,0.0
3737,956672000,12.37106704711914,63.99200439453125,-69.96600341796875,47.05859375,0.0
3738,956928000,12.344547271728516,55.98800277709961,-35.95800018310547,46.48828125,0.0
3739,957184000,13.139668464660645,44.0260009765625,5.960000514984131,46.109375,0.0
3740,957440000,12.184223175048828,70.0060043334961,-34.0260009765625,46.15625,0.0
3741,957696000,12.811922073364258,75.97600555419922,-59.99400329589844,46.4921875,0.0
3742,957952000,12.233582496643066,52.01400375366211,-53.996002197265625,46.3984375,0.0
3743,958208000,11.442906379699707,65.99200439453125,-49.97800064086914,46.66796875,0.0
3744,958464000,12.941719055175781,58.02000427246094,-28.056001663208008,47.28515625,0.0
3745,958720000,13.254207611083984,77.98200225830078,-83.9280014038086,46.89453125,0.0
3746,958976000,13.554121971130371,59.99400329589844,-12.018000602722168,46.71875,0.0
3747,959232000,12.987570762634277,54.02400207519531,-30.02800178527832,46.51953125,0.0
3748,959488000,12.27744197845459,77.97000122070312,-57.974002838134766,46.41796875,0.0
3749,959744000,12.375968933105469,48.02800369262695,-32.0160026550293,47.1953125,0.0
3750,960000000,13.342840194702148,75.99200439453125,-48.02400207519531,46.46875,0.0
3751,960256000,12.434988975524902,67.98200225830078,-71.94200134277344,47.1953125,0.0
3752,960512000,13.826922416687012,50.0420036315918,-14.084000587463379,46.91015625,0.0
3753,960768000,12.626043319702148,91.99400329589844,-97.99400329589844,47.15625,0.0
3754,961024000,13.666367530822754,85.97000122070312,-91.93600463867188,45.8046875,0.0
3755,961280000,12.067708015441895,56.01400375366211,-28.038002014160156,46.96875,0.0
3756,961536000,13.367051124572754,70.0,-65.97400665283203,46.828125,0.0
3757,961792000,13.230367660522461,69.98600006103516,-39.96200180053711,46.98046875,0.0
3758,962048000,13.127410888671875,55.98600387573242,-2.0340001583099365,46.125,0.0
3759,962304000,11.63463306427002,42.0160026550293,-36.02799987792969,46.50390625,0.0
3760,962560000,13.452563285827637,57.99800109863281,-63.97200393676758,47.0078125,0.0
3761,962816000,12.890551567077637,55.99200439453125,-35.97200012207031,46.37890625,0.0
3762,963072000,12.816023826599121,48.02400207519531,-8.030000686645508,46.703125,0.0
3763,963328000,12.434473037719727,72.0,-38.012001037597656,46.9296875,0.0
3764,963584000,13.312020301818848,71.97200012207031,-49.96000289916992,46.51171875,0.0
3765,963840000,12.831625938415527,44.00800323486328,-9.996000289916992,46.37890625,0.0
3766,964096000,12.42657470703125,52.018001556396484,-6.076000213623047,46.7109375,0.0
3767,964352000,13.218293190002441,69.99200439453125,-81.94600677490234,47.265625,0.0
3768,964608000,12.761606216430664,61.996002197265625,-27.998001098632812,46.5703125,0.0
3769,964864000,12.648715019226074,57.974002838134766,-25.926000595092773,46.90234375,0.0
3770,965120000,12.924735069274902,32.0260009765625,47.93000411987305,46.02734375,0.0
3771,965376000,11.87923526763916,58.006004333496094,-22.042001724243164,46.63671875,0.0
3772,965632000,12.207449913024902,64.0,-63.96800231933594,46.74609375,0.0
3773,965888000,12.624711990356445,63.99800491333008,-31.998001098632812,46.69140625,0.0
3774,966144000,12.336000442504883,61.96800231933594,-29.98000144958496,46.578125,0.0
3775,966400000,12.398110389709473,30.014001846313477,-10.01200008392334,46.44140625,0.0
3776,966656000,12.071961402893066,44.0260009765625,-22.02400016784668,47.18359375,0.0
3777,966912000,13.717692375183105,69.98200225830078,-45.96600341796875,46.15625,0.0
3778,967168000,12.660422325134277,52.01000213623047,-12.046000480651855,46.55859375,0.0
3779,967424000,12.92553997039795,62.006004333496094,-57.98600387573242,46.74609375,0.0
3780,967680000,12.68348503112793,67.99400329589844,-44.02800369262695,46.23046875,0.0
3781,967936000,12.575094223022461,61.99800109863281,-71.9800033569336,47.26953125,0.0
3782,968192000,13.448308944702148,59.99400329589844,-51.96800231933594,46.4375,0.0
3783,968448000,12.539129257202148,54.01000213623047,-20.022001266479492,46.5390625,0.0
3784,968704000,12.605242729187012,64.0,-42.0260009765625,46.75390625,0.0
3785,968960000,12.378700256347656,63.98800277709961,-67.9800033569336,46.203125,0.0
3786,969216000,12.17184066772461,51.99800109863281,-47.980003356933594,46.30859375,0.0
3787,969472000,12.138192176818848,50.000003814697266,-27.996002197265625,46.49609375,0.0
3788,969728000,13.608863830566406,50.0160026550293,-24.018001556396484,46.75390625,0.0
3789,969984000,13.097774505615234,66.0040054321289,-42.022003173828125,46.89453125,0.0
3790,970240000,13.214731216430664,69.98600006103516,-63.974002838134766,47.10546875,0.0
3791,970496000,13.101731300354004,55.98600387573242,-37.96600341796875,46.6171875,0.0
3792,970752000,13.269867897033691,42.01400375366211,-4.014000415802002,47.5,0.0
3793,971008000,13.6041841506958,55.99400329589844,-17.988000869750977,46.296875,0.0
3794,971264000,12.321629524230957,50.03200149536133,-6.054000377655029,46.7890625,0.0
3795,971520000,13.636343955993652,81.97000122070312,-59.978004455566406,46.5234375,0.0
3796,971776000,13.26016902923584,51.980003356933594,-37.970001220703125,45.8828125,0.0
3797,972032000,11.712364196777344,32.02000045776367,-8.0,47.06640625,0.0
3798,972288000,13.136507987976074,52.01400375366211,-8.034000396728516,46.87109375,0.0
3799,972544000,12.926172256469727,65.97600555419922,-41.96600341796875,46.98046875,0.0
3800,972800000,13.316668510437012,42.04600143432617,-8.04800033569336,47.2109375,0.0
3801,973056000,13.57807445526123,87.96200561523438,-55.95000076293945,47.0078125,0.0
3802,973312000,13.527836799621582,50.01000213623047,-5.984000205993652,47.85546875,0.0
3803,973568000,14.019156455993652,59.9900016784668,9.974000930786133,46.92578125,0.0
3804,973824000,13.643594741821289,50.00600051879883,-16.010000228881836,46.59765625,0.0
3805,974080000,12.708422660827637,56.01400375366211,-25.98000144958496,47.91796875,0.0
3806,974336000,14.098067283630371,69.99400329589844,-6.038000106811523,47.23046875,0.0
3807,974592000,14.507637023925781,63.970001220703125,-43.97200393676758,47.109375,0.0
3808,974848000,14.330118179321289,34.022003173828125,-16.00200080871582,46.62890625,0.0
3809,975104000,12.419270515441895,55.98800277709961,-17.990001678466797,47.1640625,0.0
3810,975360000,13.718727111816406,44.01000213623047,-8.026000022888184,47.02734375,0.0
3811,975616000,13.695914268493652,53.996002197265625,-33.98200225830078,47.66796875,0.0
3812,975872000,14.296481132507324,50.02800369262695,-16.054000854492188,47.41796875,0.0
3813,976128000,13.901485443115234,77.97400665283203,-69.94200134277344,46.59375,0.0
3814,976384000,13.043922424316406,52.00400161743164,-12.010000228881836,46.94140625,0.0
3815,976640000,13.995039939880371,56.00800323486328,-22.00800132751465,46.87890625,0.0
3816,976896000,12.941493034362793,63.980003356933594,-29.964000701904297,46.859375,0.0
3817,977152000,13.027777671813965,44.00200271606445,5.998000144958496,46.83984375,0.0
3818,977408000,13.460758209228516,46.02400207519531,3.9560000896453857,46.53125,0.0
3819,977664000,13.280973434448242,69.98600006103516,-39.974002838134766,46.91796875,0.0
3820,977920000,13.004386901855469,55.98400115966797,-13.994000434875488,47.19921875,0.0
3821,978176000,13.483914375305176,40.01000213623047,-8.008000373840332,47.19140625,0.0
3822,978432000,13.02351188659668,49.99800109863281,-16.00400161743164,46.8046875,0.0
3823,978688000,13.097055435180664,48.040000915527344,-20.052000045776367,46.765625,0.0
3824,978944000,12.49682903289795,87.96400451660156,-71.93600463867188,47.578125,0.0
3825,979200000,13.229965209960938,51.99400329589844,-7.972000598907471,46.7109375,0.0
3826,979456000,12.727270126342773,46.018001556396484,19.95600128173828,46.9453125,0.0
3827,979712000,13.434524536132812,64.00200653076172,-23.992000579833984,48.00390625,0.0
3828,979968000,14.362348556518555,65.98400115966797,-15.996000289916992,46.9140625,0.0
3829,980224000,13.428950309753418,50.00200271606445,-11.982000350952148,46.3984375,0.0
3830,980480000,12.692090034484863,52.01400375366211,5.950000286102295,47.1640625,0.0
3831,980736000,13.375500679016113,65.99000549316406,-43.99800109863281,47.19921875,0.0
3832,980992000,13.874375343322754,55.980003356933594,-41.98600387573242,47.1953125,0.0
3833,981248000,13.249242782592773,36.0260009765625,-28.034000396728516,46.69140625,0.0
3834,981504000,12.492805480957031,62.000003814697266,-61.99800109863281,46.8046875,0.0
3835,981760000,13.109946250915527,61.98800277709961,-59.96200180053711,47.1328125,0.0
3836,982016000,13.678848266601562,50.01000213623047,-22.00200080871582,46.55078125,0.0
3837,982272000,12.84014892578125,59.974002838134766,-23.9580020904541,47.12109375,0.0
3838,982528000,13.145047187805176,34.03200149536133,17.924001693725586,47.6015625,0.0
3839,982784000,13.658601760864258,66.0040054321289,-57.99800109863281,46.4765625,0.0
3840,983040000,12.107309341430664,69.98800659179688,-55.970001220703125,47.54296875,0.0
3841,983296000,13.944555282592773,57.980003356933594,-25.95600128173828,46.69921875,0.0
3842,983552000,13.187324523925781,38.044002532958984,17.926000595092773,46.4296875,0.0
3843,983808000,13.0123872756958,81.95800018310547,-55.958003997802734,47.42578125,0.0
3844,984064000,13.679008483886719,40.01400375366211,-14.000000953674316,46.83203125,0.0
3845,984320000,12.999672889709473,53.99200439453125,-14.012001037597656,46.625,0.0
3846,984576000,12.672571182250977,46.0160026550293,-26.022001266479492,46.94140625,0.0
3847,984832000,13.367125511169434,61.98200225830078,-47.96800231933594,47.48828125,0.0
3848,985088000,13.304985046386719,44.02000045776367,-16.00800132751465,47.6484375,0.0
3849,985344000,13.600934028625488,64.0060043334961,-24.020000457763672,47.08984375,0.0
3850,985600000,12.972219467163086,70.01200103759766,-43.996002197265625,46.68359375,0.0
3851,985856000,12.536121368408203,81.97600555419922,-40.00200271606445,47.14453125,0.0
3852,986112000,13.4987154006958,58.00200271606445,-41.996002197265625,46.625,0.0
3853,986368000,12.215415000915527,60.00400161743164,-38.00400161743164,46.859375,0.0
3854,986624000,12.787160873413086,63.99400329589844,-42.0160026550293,48.61328125,0.0
3855,986880000,14.787602424621582,57.99800109863281,-57.97600173950195,46.82421875,0.0
3856,987136000,13.328184127807617,56.006004333496094,-33.996002197265625,47.43359375,0.0
3857,987392000,13.386613845825195,61.98800277709961,-29.988000869750977,47.09765625,0.0
3858,987648000,13.281856536865234,50.00200271606445,-17.996000289916992,47.1640625,0.0
3859,987904000,13.885363578796387,52.012001037597656,-14.030000686645508,46.30859375,0.0
3860,988160000,12.531418800354004,63.99200439453125,-43.98400115966797,46.3828125,0.0
3861,988416000,12.699950218200684,56.03000259399414,-28.032001495361328,46.76171875,0.0
3862,988672000,13.42966079711914,85.9540023803711,-59.948001861572266,46.796875,0.0
3863,988928000,13.401988983154297,40.00600051879883,-8.013999938964844,46.85546875,0.0
3864,989184000,13.0475435256958,46.00800323486328,-21.974000930786133,46.984375,0.0
3865,989440000,13.712594032287598,54.01000213623047,3.932000160217285,45.89453125,0.0
3866,989696000,11.465957641601562,63.98200225830078,-63.97600173950195,46.5390625,0.0
3867,989952000,12.57927417755127,46.00200271606445,-39.9900016784668,47.1015625,0.0
3868,990208000,13.726157188415527,47.98400115966797,-29.96200180053711,47.2734375,0.0
3869,990464000,13.32012939453125,32.03600311279297,7.934000492095947,46.5859375,0.0
3870,990720000,13.137105941772461,67.99200439453125,-57.93800354003906,47.28125,0.0
3871,990976000,13.52299690246582,60.0160026550293,3.932000160217285,46.83984375,0.0
3872,991232000,13.082265853881836,75.97200012207031,-63.91800308227539,47.140625,0.0
3873,991488000,13.315469741821289,48.012001037597656,17.928001403808594,46.28125,0.0
3874,991744000,12.379133224487305,59.99800109863281,-53.97200393676758,46.5703125,0.0
3875,992000000,12.605356216430664,57.99800109863281,-26.00400161743164,46.046875,0.0
3876,992256000,12.492918968200684,55.98600387573242,-29.96200180053711,46.93359375,0.0
3877,992512000,13.22270393371582,42.02400207519531,7.918000221252441,46.91015625,0.0
3878,992768000,13.26928997039795,65.98600006103516,-73.93000030517578,46.6640625,0.0
3879,993024000,13.027313232421875,51.992000579833984,-4.002000331878662,46.66015625,0.0
3880,993280000,12.9948091506958,44.022003173828125,-6.050000190734863,45.34375,0.0
3881,993536000,11.712672233581543,65.9780044555664,-55.96400451660156,47.34375,0.0
3882,993792000,13.444415092468262,44.00800323486328,-19.974000930786133,46.48828125,0.0
3883,994048000,12.54676628112793,52.0160026550293,5.922000408172607,46.55078125,0.0
3884,994304000,12.438051223754883,67.98200225830078,-71.9260025024414,46.94140625,0.0
3885,994560000,12.988930702209473,49.996002197265625,1.9640001058578491,47.7890625,0.0
3886,994816000,13.636153221130371,46.012001037597656,-34.013999938964844,47.10546875,0.0
3887,995072000,13.070555686950684,58.02000427246094,-48.052001953125,47.89453125,0.0
3888,995328000,13.312371253967285,77.97400665283203,-99.93000793457031,46.89453125,0.0
3889,995584000,13.183469772338867,51.996002197265625,-30.00400161743164,46.74609375,0.0
3890,995840000,13.057719230651855,48.0160026550293,-34.0,46.72265625,0.0
3891,996096000,12.185149192810059,64.00200653076172,-34.02400207519531,47.1171875,0.0
3892,996352000,13.737547874450684,65.9800033569336,-57.954002380371094,46.88671875,0.0
3893,996608000,13.003402709960938,46.02000045776367,-12.044000625610352,46.61328125,0.0
3894,996864000,12.500961303710938,66.01200103759766,-56.00800323486328,47.171875,0.0
3895,997120000,13.460125923156738,77.9780044555664,-63.98600387573242,46.4765625,0.0
3896,997376000,12.648719787597656,56.018001556396484,-49.98800277709961,46.73046875,0.0
3897,997632000,12.930094718933105,73.9800033569336,-37.970001220703125,46.86328125,0.0
3898,997888000,13.335918426513672,53.99800109863281,-8.030000686645508,47.15234375,0.0
3899,998144000,13.315902709960938,52.00200271606445,-37.95800018310547,46.4921875,0.0
3900,998400000,12.812297821044922,54.00200271606445,3.9680001735687256,46.8515625,0.0
3901,998656000,12.610039710998535,56.006004333496094,-28.024002075195312,46.90234375,0.0
3902,998912000,13.273262023925781,61.96600341796875,-51.928001403808594,46.35546875,0.0
3903,999168000,13.098180770874023,28.032001495361328,19.968000411987305,47.15625,0.0
3904,999424000,13.619747161865234,59.974002838134766,-11.994000434875488,46.60546875,0.0
3905,999680000,12.275527954101562,34.0260009765625,-6.008000373840332,47.54296875,0.0
3906,999936000,14.361562728881836,59.96200180053711,-13.968000411987305,46.58203125,0.0
